ID,Goal,Fumen,Solution
0,14,https://harddrop.com/fumen/?v115@LghlHehlHehlAeglEeg0whRpglBtCeg0whRphlBtAe?h0G8AeI8AeI8AeI8AeB8JeAgWaAFLDmClcJSAVjrSAVG88A?YP88AZXOMCzOBAA,?
1,9,https://harddrop.com/fumen/?v115@XgQ4GeBtR4g0EewhBtQ4g0EewhRph0wwDewhTpxwAe?glAewhhlRpwwilAeI8AeI8KeAgWYAFLDmClcJSAVDVSAVG8?8AYn88AZvTxC,?
2,17,https://harddrop.com/fumen/?v115@4fg0Ieg0Heh0FeRpglQ4FeRpglR4DeAtRphlQ4CeBt?RpD8AeI8AeI8AeI8AeI8AeE8JeAgWaAFLDmClcJSAVDVSAV?G88AYS88AZuntCpOBAA,?
3,13,https://harddrop.com/fumen/?v115@igilGeglBtEezhBtCeI8BeP8AeJ8AeA8JeAgWZAFLD?mClcJSAVztSAVG88AYP88A5G8LC0AAAA,?
4,11,https://harddrop.com/fumen/?v115@pgRpHeRpAeglFewhilFewhh0R4AtDewhg0R4BtDeF8?AeC8JeAgWbAFLDmClcJSAVztSAVG88AYn88A5tjPCUHkBA,?
5,11,https://harddrop.com/fumen/?v115@pgwhIewhFeRpxhg0EeRpxhg0EeRpwhh0DeAtRpwhE8?AeD8JeAgWZAFLDmClcJSAVztSAVG88AYS88AZvTxC6AAAA,?
6,9,https://harddrop.com/fumen/?v115@xgRpwhRpCeBtRpwhRpCeQ4BtwwwhhlCeR4xwD8AeI8?AeE8JeAgWYAFLDmClcJSAVztSAVG88AYP88AZXExC,?
7,25,https://harddrop.com/fumen/?v115@Efg0CewwBthlAeg0BeywBtglh0A8AeI8AeN8AeI8Ae?I8AeI8AeI8AeC8AeI8AeI8AeI8AeN8AeG8AeI8AeF8JeAgW?bAFLDmClcJSAVzbSAVG88A4c88AZn9wCKuqBA,?
8,17,https://harddrop.com/fumen/?v115@BgwhIewhBtEeRpwhg0BtDeRpwhi0Deh0E8AeI8AeI8?AeI8AeI8AeI8AeD8JeAgWZAFLDmClcJSAVzbSAVG88A4c88?AZubMC0AAAA,?
9,15,https://harddrop.com/fumen/?v115@UgglGeilGeRpwhhlEeRpwhC8AeI8AeI8AeI8AeI8Ae?F8JeAgWaAFLDmClcJSAVT7SAVG88AYe88A5sPFDpOBAA,?
10,12,https://harddrop.com/fumen/?v115@4fhlGeRpglGeRpglEeQ4AeilEeR4glRpEewwQ4g0Rp?Eexwi0EewwAtQ4zhCeBtF8AeH8AeI8AeD8JeAgWZAFLDmCl?cJSAVTXSAVG88A4N88AZujWC0AAAA,?
11,11,https://harddrop.com/fumen/?v115@7gRph0Eeg0Rpg0BtDej0Q4BtCeRpwhF8AeC8JeAgWZ?AFLDmClcJSAVztSAVG88AYS88AZXExCpAAAA,?
12,13,https://harddrop.com/fumen/?v115@Sgi0FeRpQ4g0FeRpR4BtCezhQ4C8AeI8AeI8AeO8Ae?I8KeAgWaAFLDmClcJSAVztSAVG88AYn88AZyytCpOBAA,?
13,18,https://harddrop.com/fumen/?v115@SfglFewhh0glFewhg0Q4hlEewhg0R4g0EewhRpQ4i0?CewwRpAtQ4hlCexwBtR4glCewwwhCtQ4glCeG8AeI8AeI8A?eI8AeI8AeJ8AeI8AeA8JeAgWaAFLDmClcJSAVztSAVG88A4?W88A5cNPCsOBAA,?
14,11,https://harddrop.com/fumen/?v115@BgwhIewhIewhRpGewhRpGei0GeBtg0Q4Eeg0wwBtR4?Deg0xwRpQ4BeAth0E8AeI8AeD8JeAgWbAFLDmClcJSAVzbS?AVG88A4c88AZXegCs/1BA,?
15,9,https://harddrop.com/fumen/?v115@pgi0GeRpg0GeRpglDeR4AtilAeAtAeR4BtAeI8AeI8?JeAgWZAFLDmClcJSAVztSAVG88A4N88AZvTxCvAAAA,?
16,21,https://harddrop.com/fumen/?v115@yfg0Iei0hlEeilAtglEeglwhBtglDeR4whAtRpCeR4?glwhg0RpCeilwhi0B8AeI8AeI8AeI8AeH8AeH8JeAgWbAFL?DmClcJSAVztSAVG88A4c88A5mbMC0/1BA,?
17,14,https://harddrop.com/fumen/?v115@CgAtHeBtFeg0whAtR4Eeg0whS4Deh0whilDeRpwhF8?AeI8AeI8AeI8AeI8AeC8JeAgWaAFLDmClcJSAVztSAVG88A?4N88A58aPC0XBAA,?
18,14,https://harddrop.com/fumen/?v115@BgRpEeilRpEeglAtwhh0EeBtwhg0Q4EeAtg0whg0R4?CeR4g0whE8AeI8AeI8AeI8AeG8AeF8JeAgWaAFLDmClcJSA?VT7SAVG88AYS88A5tKxCpOBAA,?
19,14,https://harddrop.com/fumen/?v115@pgi0EeRpg0Atg0EeRpBtg0DewhhlAth0DewhQ4glC8?AeI8AeF8JeAgWbAFLDmClcJSAVztSAVG88AYn88AZ/rtCUN?2BA,?
20,7,https://harddrop.com/fumen/?v115@fgRpg0DeilRpg0DeglR4whh0DeR4xhg0BtCeRpwhE8?AeI8AeI8AeD8JeAgWXAFLDmClcJSAVztSAVG88AYS88A5Wd?BA,?
21,9,https://harddrop.com/fumen/?v115@Lgh0Heg0ywFeg0AtwwGeBtR4FeAtR4CeAtCeRpxhAe?BtQ4TphlAeAtR4RpD8AeI8AeE8JeAgWZAFLDmClcJSAVztS?AVG88AYP88AZXExCsAAAA,?
22,9,https://harddrop.com/fumen/?v115@fgh0Heh0FeRph0FeRph0Q4EehlBtR4DeglwhCtQ4gl?CeglwhBtilCeAtwhJeAgWZAFLDmClcJSAVztSAVG88AYP88?A58aFD0AAAA,?
23,11,https://harddrop.com/fumen/?v115@fgRpHeRpHeRpHeRpFeR4i0whCeR4glBtg0whBeAtil?E8AeD8JeAgWZAFLDmClcJSAVztSAVG88AYP88AZijxCsAAA?A,?
24,15,https://harddrop.com/fumen/?v115@6fglFeg0ilFei0glFewhilAtEewhRpCtAeRpAewhRp?CtAeRpAewhi0AtzhAeI8AeI8AeI8AeI8KeAgWaAFLDmClcJ?SAVztSAVG88A4W88A5sntCU+AAA,?
25,9,https://harddrop.com/fumen/?v115@8gAtRpg0EeBtRpi0CeBtzhDeBtE8AeD8JeAgWZAFLD?mClcJSAVjrSAVG88AYS88AZ+ytC0AAAA,?
26,17,https://harddrop.com/fumen/?v115@9fh0R4Feg0R4glFeg0ilFeR4Atg0EeR4Btg0wwCeRp?whAth0xwBeRpwhi0C8AeH8AeI8AeH8AeH8JeAgWbAFLDmCl?cJSAVztSAVG88A4W88AZ33LCsO2BA,?
27,11,https://harddrop.com/fumen/?v115@tfwhIewhhlGewhg0glGewhg0glBeBtCeh0Q4CeBtRp?D8AeH8AeJ8AeI8AeI8AeI8AeI8AeE8JeAgWZAFLDmClcJSA?VztSAVG88AYS88AZn9VC0AAAA,?
28,9,https://harddrop.com/fumen/?v115@pgwhIewhIewhGeRpwhBeR4CeRpg0AeR4Dehli0hlAe?R4BtJeAgWZAFLDmClcJSAVztSAVG88AYP88A5tytC0AAAA,?
29,4,https://harddrop.com/fumen/?v115@WgAtAeR4hlCeI8AeG8AeI8AeI8AeJ8AeI8AeI8AeA8?JeAgWYAFLDmClcJSAVjiSAVG88AYP88AZ3/wC,?
30,9,https://harddrop.com/fumen/?v115@xgRpHeRpHeh0whQ4BtDeg0xhR4BtCeg0whF8AeC8Je?AgWZAFLDmClcJSAVztSAVG88AYn88AZvKWC0AAAA,?
31,16,https://harddrop.com/fumen/?v115@+fAtQ4GeBtR4Deh0AtRpQ4Deg0Tpglg0Ceg0Rpili0?AezhR4B8AeI8AeI8AeI8AeI8AeG8JeAgWZAFLDmClcJSAVT?7SAVG88AYe88AZi3LC0AAAA,?
32,11,https://harddrop.com/fumen/?v115@cgR4GeR4RpCehli0RpAeI8AeI8AeI8AeI8AeI8JeAg?WXAFLDmClcJSAVztSAVG88AYn88AZedBA,?
33,9,https://harddrop.com/fumen/?v115@zgBtHewhBtGewhRpDei0whRpDeR4g0E8AeD8JeAgWY?AFLDmClcJSAVztSAVG88AYn88AZyKxC,?
34,14,https://harddrop.com/fumen/?v115@fgRpQ4GeRpR4AtEewhRpBtEewhRpAtg0Eewhilg0Q4?Cexhgli0R4BewhRpi0wwQ4BewhJeAgWaAFLDmClcJSAVztS?AVG88AYn88AZ/lPCsOBAA,?
35,9,https://harddrop.com/fumen/?v115@3fglQ4HeglR4GehlQ4AtEeg0RpBtCeAtAeg0RpAtCe?Bth0zhAewwAti0H8AeI8AeI8AeI8AeI8AeA8JeAgWYAFLDm?ClcJSAVztSAVG88AYP88AZ+jFD,?
36,16,https://harddrop.com/fumen/?v115@Vgi0whFeRpg0whFeRpglwhEeAtilwhAtCeBtglRpBt?CeAtwwglRpAtQ4CexwF8AeI8AeC8JeAgWbAFLDmClcJSAVz?tSAVG88A4c88AZfjxCK+1BA,?
37,15,https://harddrop.com/fumen/?v115@BgilGeglBtGewhQ4BtEewwE8AeI8AeI8AeI8AeI8Ae?H8AeI8AeE8JeAgWZAFLDmClcJSAVztSAVG88A4W88A5sbMC?0AAAA,?
38,14,https://harddrop.com/fumen/?v115@BgwhIewhBthlEewhg0BtglCeQ4Aewhi0glCeS4h0Rp?BeRpS4g0RpBeRpAtglQ4g0RpCeBtilRpR4AeAtwwzhR4Bex?wG8AeB8JeAgWZAFLDmClcJSAVztSAVG88AYe88AZiPFDpAA?AA,?
39,14,https://harddrop.com/fumen/?v115@+fBtHeg0BtGei0RpEeilRpEeglwwwhh0DeQ4xwwhg0?RpCeR4wwwhE8AeI8AeI8AeI8AeD8JeAgWaAFLDmClcJSAVj?rSAVG88A4N88AZCmFDpOBAA,?
40,14,https://harddrop.com/fumen/?v115@BgwhIewhBeBtEewhilBtDewhglR4h0DewhR4glg0Ee?whilg0AtDewhg0RpBtDewhg0RpAtQ4Deh0ilR4Ceili0Q4A?eg0KeAgWaAFLDmClcJSAVztSAVG88AYn88A5tKxCzOBAA,?
41,9,https://harddrop.com/fumen/?v115@fgQ4IeR4glAezhRpD8AeI8AeI8AeI8AeJ8AeD8JeAg?WYAFLDmClcJSAVT7SAVG88A4N88AZ/VWC,?
42,13,https://harddrop.com/fumen/?v115@fgh0FehlE8AeG8AeI8AeI8AeI8AeI8AeF8JeAgWZAF?LDmClcJSAVztSAVG88AYn88A58CMC0AAAA,?
43,9,https://harddrop.com/fumen/?v115@rgAtRpFeBtRpEeI8AeI8AeI8AeI8KeAgWZAFLDmClc?JSAVTXSAVG88A4c88AZCegCpAAAA,?
44,9,https://harddrop.com/fumen/?v115@fgRpGewhRpEeQ4Aewhh0EeR4whB8AeI8AeI8AeI8Ae?G8JeAgWYAFLDmClcJSAVT7SAVG88AYS88A5MOMC,?
45,14,https://harddrop.com/fumen/?v115@Lgg0Iei0FewhilDeRpwhglR4DeRpwhR4Ath0BeRpwh?F8AeI8AeI8AeI8AeC8JeAgWZAFLDmClcJSAVztSAVG88A4c?88A5djWC0AAAA,?
46,9,https://harddrop.com/fumen/?v115@egwhRpGewhRpglFewhilFewhH8AeI8AeI8AeI8AeA8?JeAgWbAFLDmClcJSAVT7SAVG88A4c88AZu/VC6+zBA,?
47,14,https://harddrop.com/fumen/?v115@UgAtHeBtRpFeBtRpAewhDeBtE8AeI8AeI8AeI8AeI8?AeD8JeAgWaAFLDmClcJSAVTXSAVG88A4c88AZO8LCqOBAA,?
48,15,https://harddrop.com/fumen/?v115@JgR4ilDeR4whglBtDeRpwhRpBtBeg0RpwhRpwwCeg0?BtwhD8AeI8AeI8AeI8AeI8AeE8JeAgWZAFLDmClcJSAVTXS?AVG88AYS88AZ+LMC0AAAA,?
49,14,https://harddrop.com/fumen/?v115@BgwhIewhglGeAtwhglFeBtwhhlEeAtglg0RpQ4Ceil?E8AeJ8AeI8AeI8AeI8AeC8JeAgWaAFLDmClcJSAVztSAVG8?8AYn88A58aPCU+AAA,?
50,16,https://harddrop.com/fumen/?v115@BgwhIewhIewhg0glEeQ4Aewhg0glCeRpR4h0hlBeRp?AtQ4E8AeI8AeI8AeI8AeI8AeD8JeAgWbAFLDmClcJSAVztS?AVG88A4W88AZizPCT+1BA,?
51,14,https://harddrop.com/fumen/?v115@QgQ4BtGeR4BtwhEeg0Q4hlwhEei0glwhAeQ4AewwAe?Rpg0glwhAeR4xwRpi0AeI8AeL8AeF8JeAgWaAFLDmClcJSA?VjiSAVG88AYS88AZn9wCqOBAA,?
52,12,https://harddrop.com/fumen/?v115@bgh0AewhFeg0RpwhFeg0RpwhFei0whEeQ4hlg0AtBe?RpAeR4glBtAeI8AeI8JeAgWaAFLDmClcJSAVztSAVG88AYS?88A5sPFDpOBAA,?
53,16,https://harddrop.com/fumen/?v115@lgAtRpwhEeBtRpwhEeAtilwhBeQ4Beg0glR4whBeR4?Aeg0R4RpCeQ4h0BtRpA8AeH8JeAgWbAFLDmClcJSAVztSAV?G88A4N88AZ/VWCzX2BA,?
54,11,https://harddrop.com/fumen/?v115@5gAti0EeBtR4g0EeAtR4RpDezhRpB8AeG8JeAgWaAF?LDmClcJSAVzbSAVG88A4N88AZu/VC6OBAA,?
55,9,https://harddrop.com/fumen/?v115@pgh0R4Eewhg0R4glEewhg0RpglEewhA8AeJ8AeI8Ae?G8JeAgWaAFLDmClcJSAVztSAVG88AYn88AZ/7LC6OBAA,?
56,11,https://harddrop.com/fumen/?v115@DgQ4GeRpR4FeRpg0Q4AeQ4DeRpi0R4Beg0RpzhQ4Be?g0H8AeI8AeI8AeI8AeI8AeA8JeAgWYAFLDmClcJSAVT7SAV?G88AYS88AZeNFD,?
57,13,https://harddrop.com/fumen/?v115@Lgh0R4Feg0R4glFeg0RpglFewhRphlEeH8AeI8AeI8?AeJ8AeI8KeAgWaAFLDmClcJSAVztSAVG88AYn88AZ/rtCpO?BAA,?
58,14,https://harddrop.com/fumen/?v115@lgzhDeQ4AeTpAeAtBeR4TpBtBeg0Q4BthlAtCei0Bt?glB8AeI8AeG8JeAgWaAFLDmClcJSAVztSAVG88AYS88AZvT?xCpOBAA,?
59,15,https://harddrop.com/fumen/?v115@/fRpEeywRpDehlwwi0CeRpglQ4Btg0CeRpglR4BtAe?I8AeP8AeI8AeI8AeI8AeB8JeAgWZAFLDmClcJSAVTXSAVG8?8A4c88A5djxCpAAAA,?
60,7,https://harddrop.com/fumen/?v115@ugRpg0GeRpi0Dei0RpwhDeR4g0RpwhCeR4ilAtwhAe?I8JeAgWYAFLDmClcJSAVztSAVG88A4c88AZibMC,?
61,12,https://harddrop.com/fumen/?v115@zgh0Heg0glFeRpg0glAeQ4DeRpE8AeJ8AeC8JeAgWa?AFLDmClcJSAVztSAVG88AYS88A5d/wC6OBAA,?
62,13,https://harddrop.com/fumen/?v115@pgglRpFeAtglRpEeBthlwwEeAtwhQ4xwCeRpg0whR4?wwCeRpg0whD8AeE8JeAgWaAFLDmClcJSAVjrSAVG88AYS88?AZeNPC6OBAA,?
63,16,https://harddrop.com/fumen/?v115@YgwhFeRpg0whFeRpg0whDeAtwhQ4h0whCeBtwhR4Rp?CeBtwhg0Q4RpCeBtwhi0glCeAtRpE8AeD8JeAgWaAFLDmCl?cJSAVztSAVG88AYS88A5s/wC6OBAA,?
64,11,https://harddrop.com/fumen/?v115@pgBtHewhBtGewhRpEehlwhRpDeR4glC8AeK8AeD8Je?AgWaAFLDmClcJSAVTXSAVG88AYe88A5srgCpOBAA,?
65,14,https://harddrop.com/fumen/?v115@wgAtAewhQ4EeBtAewhR4Ceg0AtRpwhglQ4Ceh0Rpwh?glCek0ilAezhilJeAgWbAFLDmClcJSAVztSAVG88A4c88A5?mzPC0C2BA,?
66,11,https://harddrop.com/fumen/?v115@ygAtRpFeBtRpglEeAtjlwhCeilh0AtwhCeRpwhg0Bt?whAeQ4AeRpwhJeAgWZAFLDmClcJSAVztSAVG88AYP88A5ME?xC6AAAA,?
67,9,https://harddrop.com/fumen/?v115@9gwhRpDeBtAewhRpAewwCeBtF8AeI8AeC8JeAgWaAF?LDmClcJSAVTXSAVG88A4c88AZ3/wCzOBAA,?
68,15,https://harddrop.com/fumen/?v115@2fwhIewhHeAtwhEeRpBtwhEeRpAtR4EeRpR4g0CeR4?Rpi0A8AeI8AeI8AeI8AeI8AeH8JeAgWaAFLDmClcJSAVzbS?AVG88AYe88AZfjWCU+AAA,?
69,17,https://harddrop.com/fumen/?v115@/fRpHeRpEeg0Q4hlwhEeg0R4glwhDeh0AtQ4glxhBe?RpBtR4xhBeRpAtR4hlA8AeJ8AeN8AeI8AeB8JeAgWaAFLDm?ClcJSAVztSAVG88AYn88AZ/rtC0OBAA,?
70,12,https://harddrop.com/fumen/?v115@EgwwFeglg0ywEegli0Q4EehlBtR4DeRpg0BtQ4AtCe?Rpi0BtCeH8AeI8AeI8AeI8AeA8JeAgWZAFLDmClcJSAVDVS?AVG88A4c88AZyKxCpAAAA,?
71,13,https://harddrop.com/fumen/?v115@fgilGeglh0FeAtD8AeI8AeI8AeI8AeI8AeE8JeAgWa?AFLDmClcJSAVztSAVG88A4c88AZ/LgCpOBAA,?
72,20,https://harddrop.com/fumen/?v115@/fhlGeRpglwhFeRpglwhFeg0RpwhilCeg0RpwhglAt?Ceh0R4D8AeI8AeI8AeI8AeI8AeE8JeAgWbAFLDmClcJSAVz?tSAVG88A4c88AZfjxCT+1BA,?
73,9,https://harddrop.com/fumen/?v115@5ghlGeilRpDeRphlRpAeAtAeQ4Rpgli0BtAeR4zhg0?JeAgWZAFLDmClcJSAVztSAVG88AYn88AZvTxC6AAAA,?
74,16,https://harddrop.com/fumen/?v115@3fQ4IeR4EewhRpR4EewhRpR4Eewhhlg0Q4EewhAtgl?i0AewwBeBtglF8AeI8AeI8AeI8AeI8AeC8JeAgWbAFLDmCl?cJSAVTXSAVG88A4W88AZXWWCJN2BA,?
75,15,https://harddrop.com/fumen/?v115@JghlGeRpglGeRpglRpCeg0zhRpCei0R4C8AeJ8AeI8?AeI8AeI8AeE8JeAgWZAFLDmClcJSAVT7SAVG88AYe88A5M8?LC0AAAA,?
76,15,https://harddrop.com/fumen/?v115@SgR4AtFeR4BtFeRpBtFeRpBtCezhglAtwwBei0ilxw?AeI8AeI8AeI8JeAgWbAFLDmClcJSAVztSAVG88A4c88AZvK?WCa+1BA,?
77,11,https://harddrop.com/fumen/?v115@VgwhIewhIewhg0Hewhg0Q4Geh0R4EeAtRpR4DeBtRp?R4BehlAtwwD8AeE8JeAgWaAFLDmClcJSAVjiSAVG88AYS88?AZ/lFDpOBAA,?
78,14,https://harddrop.com/fumen/?v115@fgg0BewhFei0whFeilwhFeglRpwhFewhRpR4Eewhg0?R4RpCeAtwhi0RpBeBtJeAgWbAFLDmClcJSAVztSAVG88A4c?88AZXUPCU+1BA,?
79,13,https://harddrop.com/fumen/?v115@pgBtFeR4whBtDeR4glwhRpDeilwhRpDeRpxhAti0Be?RpwhE8AeD8JeAgWaAFLDmClcJSAVztSAVG88AYP88A5M8LC?UNBAA,?
80,11,https://harddrop.com/fumen/?v115@ogg0Ieg0Heh0whDeR4hlxhCeR4RpglxhBei0Rpglwh?B8AeG8JeAgWZAFLDmClcJSAVT7SAVG88AYe88AZyjFD0AAA?A,?
81,16,https://harddrop.com/fumen/?v115@Bgh0R4Feg0R4Geg0zhEeRpglQ4BtDeRpglR4BtCeG8?AeI8AeI8AeI8AeI8AeB8JeAgWaAFLDmClcJSAVTXSAVG88A?Ye88AZyCMCqOBAA,?
82,9,https://harddrop.com/fumen/?v115@6gRpwhGeRpwhAeAtDeRpg0whBtR4BeRpg0whE8AeD8?JeAgWYAFLDmClcJSAVztSAVG88AYS88A5s/wC,?
83,16,https://harddrop.com/fumen/?v115@KgwwglFeQ4xwglFeR4wwhlEeg0Q4Ati0RpBeg0BtF8?AeI8AeI8AeI8AeI8AeC8JeAgWbAFLDmClcJSAVDVSAVG88A?YS88AZurgCT+1BA,?
84,9,https://harddrop.com/fumen/?v115@zgglGeRpglGeRphlEeR4AtRpBtBeR4BtD8AeE8JeAg?WZAFLDmClcJSAVTXSAVG88A4N88AZ+TWC0AAAA,?
85,9,https://harddrop.com/fumen/?v115@0gQ4HeS4GeS4DeglBewhQ4CeilRpC8AeF8JeAgWYAF?LDmClcJSAVT7SAVG88AYP88AZ+KxC,?
86,9,https://harddrop.com/fumen/?v115@xgRpCehlAeTpDeglAeRpR4BtAeg0glBtR4whAeBti0?BtwwwhAeI8JeAgWZAFLDmClcJSAVDVSAVG88AYS88AZ+jPC?0AAAA,?
87,15,https://harddrop.com/fumen/?v115@fgwhIewhh0Fexhg0ilRpBexhg0glR4RpBewhRpR4Bt?CewhG8AeI8AeB8JeAgWaAFLDmClcJSAVztSAVG88AYn88AZ?vTWC0OBAA,?
88,9,https://harddrop.com/fumen/?v115@pgglIeglIehlAezhCeQ4CeAtg0RpBeR4AeBtg0Tpgl?Q4AeAth0BtRpJeAgWaAFLDmClcJSAVztSAVG88AYP88A5ta?PCUNBAA,?
89,15,https://harddrop.com/fumen/?v115@3fwhIewhIewhGeg0xhEeAtAeg0xhBeQ4AeBth0xhBe?R4AtilwhE8AeL8AeI8AeI8AeI8AeA8JeAgWaAFLDmClcJSA?VDVSAVG88A4c88AZXExCqOBAA,?
90,13,https://harddrop.com/fumen/?v115@7gRpGeg0RpDeBtAei0B8AeL8AeD8JeAgWbAFLDmClc?JSAVztSAVG88A4c88AZSFgCsO2BA,?
91,9,https://harddrop.com/fumen/?v115@pgwhAeg0GewhAeg0Gewhh0GewhAtRpBehlBeBtRpCe?glBeAtzhAeQ4glLeAgWaAFLDmClcJSAVztSAVG88AYP88A5?MMgC0XBAA,?
92,11,https://harddrop.com/fumen/?v115@Kgg0Ieg0Heh0HeR4i0DeR4whRpg0DeRpwhRpglDeRp?whilAewhBeBtwhF8AeI8AeC8JeAgWZAFLDmClcJSAVztSAV?G88AYn88AZyTxC6AAAA,?
93,11,https://harddrop.com/fumen/?v115@qgAtHeBtHeBtFeRpBtEewhRpAtR4DewhhlC8AeF8Je?AgWaAFLDmClcJSAVTXSAVG88AYS88A58KxCqOBAA,?
94,11,https://harddrop.com/fumen/?v115@7gRpwhGeRpwhEeAtRpg0whQ4CeBtRpg0D8AeE8JeAg?WaAFLDmClcJSAVzbSAVG88A4N88A5MmPCsOBAA,?
95,10,https://harddrop.com/fumen/?v115@EgglRpGeglRpAtFehlBti0H8AeE8AeL8AeI8AeI8Ae?I8AeI8AeB8JeAgWaAFLDmClcJSAVztSAVG88A4N88AZintC?U+AAA,?
96,11,https://harddrop.com/fumen/?v115@zgwhGeRpwhglEeQ4RpwhglAeQ4CeR4g0whhlR4BeAt?Q4g0B8AeG8JeAgWZAFLDmClcJSAVztSAVG88AYP88AZSNFD?0AAAA,?
97,4,https://harddrop.com/fumen/?v115@ygwhIewhEewwAeRpwhBeglBexwRpwhA8AeI8AeH8Je?AgWYAFLDmClcJSAVTXSAVG88A4c88AZXExC,?
98,9,https://harddrop.com/fumen/?v115@ngh0GeAth0FeBth0FeAtwhh0Q4DehlwhRpC8AeF8Ae?I8JeAgWZAFLDmClcJSAVztSAVG88A4c88AZHLWC0AAAA,?
99,9,https://harddrop.com/fumen/?v115@0filRpAeAtCeilRpBtCeh0glD8AeI8AeI8AeI8AeK8?AeI8AeI8AeI8AeI8AeC8JeAgWYAFLDmClcJSAVjrSAVG88A?Yn88A5MOMC,?
100,9,https://harddrop.com/fumen/?v115@pgwhIewhQ4Geg0whR4Feg0whAtQ4Eeh0E8AeI8AeD8?JeAgWbAFLDmClcJSAVjiSAVG88AYS88AZ+bgC6OkBA,?
101,13,https://harddrop.com/fumen/?v115@lgR4RpEeR4wwRpEewhywAtEewhRpBtEewhRpAtjlBe?whQ4ilD8AeE8JeAgWbAFLDmClcJSAVTXSAVG88A4N88AZX+?tCqC2BA,?
102,9,https://harddrop.com/fumen/?v115@8gwhIewhFeAtg0glwhEeBtg0glwhB8AeG8JeAgWaAF?LDmClcJSAVjiSAVG88A4c88AZOMgCqOBAA,?
103,16,https://harddrop.com/fumen/?v115@Vgg0Iei0Gei0Q4EewhRpg0R4DewhRpBtQ4DewhilBt?BeR4whE8AeJ8AeC8JeAgWaAFLDmClcJSAVztSAVG88A4W88?AZXExCzOBAA,?
104,6,https://harddrop.com/fumen/?v115@jfRpHeRph0FeH8AeE8AeJ8AeM8AeI8AeI8AeB8AeO8?AeI8AeI8AeI8AeA8JeAgWXAFLDmClcJSAVT7SAVG88A4c88?AZSdBA,?
105,9,https://harddrop.com/fumen/?v115@xghlQ4FeRpglR4CeAtAeRpglwhQ4BeBtwwi0C8AeI8?AeF8JeAgWZAFLDmClcJSAVzbSAVG88AYP88A5MmFDpAAAA,?
106,15,https://harddrop.com/fumen/?v115@Lgh0GeAtg0Q4FeBtg0R4EeAtwhRpQ4Cei0whD8AeI8?AeI8AeI8AeI8AeE8JeAgWaAFLDmClcJSAVztSAVG88AYS88?A52jFDU+AAA,?
107,15,https://harddrop.com/fumen/?v115@JgRpFeg0wwRpFeg0xwAtCeBth0wwBtCeQ4BtR4Atgl?CeT4ilB8AeI8AeI8AeI8AeG8JeAgWaAFLDmClcJSAVDVSAV?G88AYS88AZ/dgCpOBAA,?
108,14,https://harddrop.com/fumen/?v115@mgilGehlwhEeg0ilwhEei0AtwhQ4DeRpBtwhR4CeRp?AtRpC8AeF8JeAgWaAFLDmClcJSAVztSAVG88AYn88AZP9wC?zOBAA,?
109,14,https://harddrop.com/fumen/?v115@fgglIeglHewhhlEeQ4Aewhh0EeR4whg0RpDewhQ4wh?g0RpDewhRpC8AeF8JeAgWbAFLDmClcJSAVztSAVG88AYn88?AZi/wCaN2BA,?
110,16,https://harddrop.com/fumen/?v115@UgwhIewhFei0whEewhRpg0whEewhRpAtg0EewhglBt?g0CeBtwhglAth0DeBthlR4B8AeG8JeAgWbAFLDmClcJSAVz?tSAVG88A4W88A5MExCpX2BA,?
111,14,https://harddrop.com/fumen/?v115@ngQ4IeR4RpEeBtQ4RpEeg0BtwhglEei0whglEewhRp?D8AeE8JeAgWbAFLDmClcJSAVztSAVG88AYS88AZfbMCUN2B?A,?
112,9,https://harddrop.com/fumen/?v115@7gQ4AewhBeAtBeRpR4E8AeI8AeI8AeD8JeAgWaAFLD?mClcJSAVztSAVG88AYS88AZvbgCa+AAA,?
113,12,https://harddrop.com/fumen/?v115@2fwhIewhjlEewhjlBeAtBewhE8AeK8AeG8AeF8AeH8?AeI8AeI8AeI8AeH8JeAgWaAFLDmClcJSAVTXSAVG88AYe88?A5srgCK+AAA,?
114,11,https://harddrop.com/fumen/?v115@LgA8AeK8AeO8AeI8AeE8AeD8AeI8AeI8AeI8AeI8Je?AgWZAFLDmClcJSAVztSAVG88AYn88AZintCpAAAA,?
115,16,https://harddrop.com/fumen/?v115@jfQ4IeR4HewwQ4Rpj0BexwRpilCexwBtglRpCeywBt?RpBeAtH8AeE8AeG8AeJ8AeI8AeI8AeI8AeF8JeAgWaAFLDm?ClcJSAVDVSAVG88AYS88AZeNPC6CBAA,?
116,9,https://harddrop.com/fumen/?v115@/fg0whBezhBeg0whglBeR4Beh0whglAeR4AtBeRpwh?H8AeI8AeI8AeI8AeF8AeI8AeI8AeD8JeAgWZAFLDmClcJSA?VztSAVG88AYn88AZybgC0AAAA,?
117,9,https://harddrop.com/fumen/?v115@fgh0Heg0Q4Aei0Deg0R4Btg0DeI8AeI8AeI8AeI8Ke?AgWZAFLDmClcJSAVztSAVG88A4W88AZyjFDpAAAA,?
118,13,https://harddrop.com/fumen/?v115@VgwhRpDeBtAewhRpAeglCeBtwhg0ilCeR4F8AeI8Ae?I8AeI8AeI8AeC8JeAgWZAFLDmClcJSAVztSAVG88AYP88AZ?yLMC0AAAA,?
119,9,https://harddrop.com/fumen/?v115@fgRpHeRpAewhFei0whAeQ4BeAtAeD8AeI8AeI8AeI8?AeE8JeAgWZAFLDmClcJSAVzbSAVG88AYn88A5MmPCpAAAA,?
120,16,https://harddrop.com/fumen/?v115@IgwhBeQ4FewhRpR4g0DewhRpwhQ4g0DewhR4whh0De?R4glwhg0glDeilwhg0glDeAtRph0hlBeBtRpD8AeI8AeE8J?eAgWbAFLDmClcJSAVztSAVG88AYn88A59TPCUH2BA,?
121,9,https://harddrop.com/fumen/?v115@pgRpDewwCeRpCewhxwh0B8AeI8AeI8AeI8AeG8JeAg?WZAFLDmClcJSAVzbSAVG88A4c88AZ3/wCpAAAA,?
122,17,https://harddrop.com/fumen/?v115@LgH8AeH8AeF8AeH8AeF8AeN8AeI8AeI8AeI8AeD8Je?AgWbAFLDmClcJSAVDVSAVG88AYn88AZ/rtCP+1BA,?
123,14,https://harddrop.com/fumen/?v115@9filwhRpDeglAtg0whRpDeBtg0whh0DeAth0whg0Q4?DeTpg0R4AeAtAeTpC8AeI8AeO8AeF8AeC8AeI8JeAgWaAFL?DmClcJSAVztSAVG88AYS88A5sjxCpOBAA,?
124,9,https://harddrop.com/fumen/?v115@BgRpHeRpHeglQ4GewhglR4FewhhlQ4Fewhi0EeQ4wh?Btg0Bei0R4D8AeI8AeI8AeE8JeAgWZAFLDmClcJSAVztSAV?G88AYS88AZXstCpAAAA,?
125,9,https://harddrop.com/fumen/?v115@zgh0Heg0RpwhFeg0RpwhFeilwhCeQ4AeAtE8AeD8Je?AgWaAFLDmClcJSAVztSAVG88A4W88A5M8LC6OBAA,?
126,16,https://harddrop.com/fumen/?v115@3fQ4IeR4HeR4RpFeR4RpFeg0Q4BtFei0BtwhDeilRp?whBeAtAeF8AeI8AeI8AeI8AeC8JeAgWbAFLDmClcJSAVztS?AVG88AYP88AZybgC0/1BA,?
127,9,https://harddrop.com/fumen/?v115@VgRpHeRpHeh0FeQ4Aeg0whFeR4D8AeI8AeI8AeI8Ae?E8JeAgWaAFLDmClcJSAVT7SAVG88AYS88AZuntC6OBAA,?
128,9,https://harddrop.com/fumen/?v115@zgwhIewhCeglEewhg0ilEeH8AeI8AeA8JeAgWaAFLD?mClcJSAVztSAVG88A4c88A5mzPCpOBAA,?
129,16,https://harddrop.com/fumen/?v115@3fRpHeRpHeh0R4Feg0R4whAeAtDeg0AtxhBtDeBtxh?AtCeQ4AeF8AeI8AeI8AeI8AeI8AeC8JeAgWbAFLDmClcJSA?VztSAVG88AYS88AZvKxCsX2BA,?
130,4,https://harddrop.com/fumen/?v115@pgglIeglIehlFeRpi0BewhBeRpD8AeI8AeE8JeAgWY?AFLDmClcJSAVT7SAVG88A4c88AZOMgC,?
131,11,https://harddrop.com/fumen/?v115@zgQ4BtGeR4BtDeRpglQ4wwQ4DeRpglxwR4CeRphlww?whQ4AewhAeRpJeAgWZAFLDmClcJSAVTXSAVG88AYS88AZ/l?FD0AAAA,?
132,10,https://harddrop.com/fumen/?v115@VgAtIeBtHeI8AeF8AeI8AeI8AeI8AeH8AeD8JeAgWX?AFLDmClcJSAVjrSAVG88A4N88AZ/1BA,?
133,9,https://harddrop.com/fumen/?v115@NghlFewhh0glFewhg0Q4glFewhg0R4FewhBtQ4Beww?CeE8AeI8AeI8AeI8AeD8JeAgWYAFLDmClcJSAVjiSAVG88A?YP88AZXOMC,?
134,9,https://harddrop.com/fumen/?v115@nghlwhFeRpglwhAeAtDeRpglwhBtDei0E8AeI8AeI8?AeD8JeAgWYAFLDmClcJSAVjrSAVG88AYe88AZ/7LC,?
135,15,https://harddrop.com/fumen/?v115@Vgi0GeRpg0AtFeRpBtDehlh0AtwhEeglg0RpwhDeQ4?glg0RpwhDeR4F8AeI8AeC8JeAgWaAFLDmClcJSAVztSAVG8?8AYn88AZyLMC0OBAA,?
136,7,https://harddrop.com/fumen/?v115@1gBtFei0BtEeH8AeJ8AeI8KeAgWYAFLDmClcJSAVDV?SAVG88AYS88A52TxC,?
137,11,https://harddrop.com/fumen/?v115@BgQ4Heg0R4Geg0whQ4AtCeRph0whBtCeTpwhAtwhAe?Q4AehlRpD8AeI8AeI8AeI8AeI8AeE8JeAgWYAFLDmClcJSA?VztSAVG88AYS88AZfjxC,?
138,11,https://harddrop.com/fumen/?v115@fgRpglGeRpglGeRphlFeRpQ4BtDewhh0R4BtCewhG8?AeI8AeB8JeAgWZAFLDmClcJSAVztSAVG88AYn88AZSNPC0A?AAA,?
139,9,https://harddrop.com/fumen/?v115@VgQ4IeR4Heg0Q4hlCeAtBei0glBeBtBeglRpglBeAt?wwRpglRpwwBexwRpD8AeI8AeE8JeAgWZAFLDmClcJSAVDVS?AVG88A4c88AZfbMC0AAAA,?
140,14,https://harddrop.com/fumen/?v115@UgglBeRpCeilBeRpCei0AeR4CeAtRpg0D8AeI8AeI8?AeI8AeI8AeE8JeAgWaAFLDmClcJSAVztSAVG88A4N88AZfL?uCsOBAA,?
141,11,https://harddrop.com/fumen/?v115@WghlGeRpglGeRpglGeilGegli0FewhBtg0Q4CeRpwh?wwBtR4BeRpG8AeB8JeAgWZAFLDmClcJSAVztSAVG88A4c88?A5dPFD0AAAA,?
142,14,https://harddrop.com/fumen/?v115@cgRpwhGeRpwhFei0whglAeR4Aej0whD8AeI8AeI8Ae?I8AeE8JeAgWaAFLDmClcJSAVztSAVG88AYn88AZybgCpOBA?A,?
143,9,https://harddrop.com/fumen/?v115@ugwhhlAtg0wwDewhglBtg0xwCewhglAth0D8AeI8Ae?I8AeE8JeAgWYAFLDmClcJSAVjiSAVG88A4c88AZn9wC,?
144,11,https://harddrop.com/fumen/?v115@XgwhHewwwhGexwwhilDeg0wwwhglRpDei0Q4RpDeQ4?BtR4RpCeR4BtQ4RpDeI8JeAgWZAFLDmClcJSAVTXSAVG88A?YS88A59lFD0AAAA,?
145,9,https://harddrop.com/fumen/?v115@FhRpFeh0RpD8AeH8AeF8JeAgWZAFLDmClcJSAVztSA?VG88A4c88AZijxCpAAAA,?
146,9,https://harddrop.com/fumen/?v115@zgRpHeRpHewhRpDeR4AtwhRpCeR4BtC8AeF8JeAgWZ?AFLDmClcJSAVTXSAVG88AYS88AZuzPC0AAAA,?
147,15,https://harddrop.com/fumen/?v115@xgRpi0EeRpi0EeRpg0ilCeQ4Rpg0glBtCeR4whE8Ae?D8JeAgWaAFLDmClcJSAVztSAVG88A4N88AZHUWC0OBAA,?
148,12,https://harddrop.com/fumen/?v115@pgglQ4EewhRpglR4DewhRpF8AeI8AeI8AeI8AeC8Je?AgWaAFLDmClcJSAVztSAVG88AYP88AZHcgCpOBAA,?
149,16,https://harddrop.com/fumen/?v115@LgwhCeg0EewhCeg0EewhRph0Q4DewhRphlR4AeAtAe?B8AeI8AeI8AeI8AeO8AeA8JeAgWbAFLDmClcJSAVztSAVG8?8AYS88A5sPFDP+1BA,?
150,14,https://harddrop.com/fumen/?v115@CgAtHeBtRpFeBtRpFeBthlDeg0whAtRpglDeg0whQ4?RpglCeh0whD8AeI8AeI8AeI8AeE8JeAgWaAFLDmClcJSAVz?tSAVG88AYS88AZvLMCsOBAA,?
151,11,https://harddrop.com/fumen/?v115@IgRpHeRpAtEeh0glBtEeg0whglAtwhCeQ4Aeg0whhl?whC8AeI8AeI8AeI8AeI8AeF8JeAgWaAFLDmClcJSAVztSAV?G88AYP88A5GstC6OBAA,?
152,9,https://harddrop.com/fumen/?v115@igAtFeh0BtR4Deg0wwAtR4hlCeg0xwRpwhglCewhww?g0RpwhglAtBewhQ4i0whBtBewhR4RpwhAtMeAgWYAFLDmCl?cJSAVzbSAVG88A4c88A5W9wC,?
153,11,https://harddrop.com/fumen/?v115@pgg0Iei0R4AtDeRpR4BtDeRphlAtDewhF8AeI8AeC8?JeAgWYAFLDmClcJSAVztSAVG88A4c88AZS9wC,?
154,9,https://harddrop.com/fumen/?v115@WgR4GeR4glGeRpglFewhRphlEewhG8AeI8AeI8AeI8?AeB8JeAgWYAFLDmClcJSAVztSAVG88AYP88AZX8LC,?
155,9,https://harddrop.com/fumen/?v115@XgglQ4HeglR4GehlQ4Atg0EeRpBtg0AewwCeRpAth0?AexwBezhwwAewwAtAeI8AeI8JeAgWbAFLDmClcJSAVTXSAV?G88A4W88A5M8LCqX2BA,?
156,9,https://harddrop.com/fumen/?v115@6gwhIewhglAeQ4EeglwhglAeR4DeglwhhlD8AeE8Je?AgWaAFLDmClcJSAVztSAVG88AYn88AZvytCqOBAA,?
157,9,https://harddrop.com/fumen/?v115@cgwwAewhFexwg0whEeRpwwg0whDeglRph0whAeI8Ae?I8AeI8AeI8JeAgWYAFLDmClcJSAVjrSAVG88AYn88A5MOMC,?
158,16,https://harddrop.com/fumen/?v115@JgQ4IeR4HeAtQ4glDeRpBtwhglAeilRpAtg0whD8Ae?I8AeI8AeI8AeI8AeE8JeAgWbAFLDmClcJSAVDVSAVG88AYn?88A5m/wCJN2BA,?
159,11,https://harddrop.com/fumen/?v115@ggilFewhgli0EewhglRpg0EewhglRpAtEewhhlBtEe?Q4CtRph0BeR4BtRpg0MeAgWZAFLDmClcJSAVjrSAVG88A4N?88AZu/VC0AAAA,?
160,13,https://harddrop.com/fumen/?v115@AgglFeAtilDewwBtRpwhQ4BexwAtg0RpwhB8AeI8Ae?I8AeI8AeG8AeL8AeN8AeA8JeAgWaAFLDmClcJSAVDVSAVG8?8AYn88AZyKxCz/AAA,?
161,10,https://harddrop.com/fumen/?v115@VgRph0AtEeRpg0BtwwBeR4A8AeH8AeP8AeI8AeI8Ae?I8AeB8JeAgWaAFLDmClcJSAVzbSAVG88AYe88AZn9VCKNBA?A,?
162,17,https://harddrop.com/fumen/?v115@CgAtHeBtHeAtzhEeh0ilEeg0Q4glh0AtDeg0R4g0Bt?DeRpQ4g0AthlCeRpzhglCeH8AeI8AeA8JeAgWaAFLDmClcJ?SAVztSAVG88A4c88A5mjWC0OBAA,?
163,14,https://harddrop.com/fumen/?v115@fgF8AeE8AeO8AeF8AeI8AeI8AeI8AeD8JeAgWZAFLD?mClcJSAVztSAVG88AYS88AZ3/wCpAAAA,?
164,9,https://harddrop.com/fumen/?v115@9gwhIewhIewhi0FewhRpg0DehlJeAgWbAFLDmClcJS?AVjrSAVG88AYn88AZ/dgCMN2BA,?
165,9,https://harddrop.com/fumen/?v115@TgQ4IeR4HewwQ4Gexwg0RpDeRpwwg0RpDeRph0whh0?CeilAtwhg0DeglwwBtB8AeG8JeAgWbAFLDmClcJSAVDVSAV?G88AYn88AZyjPCUeDCA,?
166,9,https://harddrop.com/fumen/?v115@HhwhAeAtg0RpDewhBtg0RpDeH8AeA8JeAgWZAFLDmC?lcJSAVztSAVG88A4c88AZizPC0AAAA,?
167,9,https://harddrop.com/fumen/?v115@LgwhIewhQ4HewhR4g0FewhwwQ4g0Fexwh0glEeQ4ww?RpglEeR4RphlDeG8AeI8AeB8JeAgWaAFLDmClcJSAVT7SAV?G88AYe88AZfjWCvOBAA,?
168,12,https://harddrop.com/fumen/?v115@fgRpHeRpGewhilFewhD8AeK8AeI8AeI8AeC8JeAgWb?AFLDmClcJSAVztSAVG88AYn88A5s/wCzSdBA,?
169,9,https://harddrop.com/fumen/?v115@ngQ4AeRpFeR4RpDeAtAewwQ4ilBeBtywC8AeI8AeI8?AeF8JeAgWYAFLDmClcJSAVDVSAVG88AYP88AZijxC,?
170,15,https://harddrop.com/fumen/?v115@egAtEeR4AeBtDeR4h0AtwhB8AeI8AeI8AeI8AeI8Ae?G8JeAgWaAFLDmClcJSAVztSAVG88AYS88A5mLuCpOBAA,?
171,9,https://harddrop.com/fumen/?v115@wgh0Heg0RpGeg0RpBtEeQ4hlC8AeI8AeF8JeAgWZAF?LDmClcJSAVztSAVG88A4N88A52TWC0AAAA,?
172,9,https://harddrop.com/fumen/?v115@9gRpFeAtg0RpEeBtg0E8AeI8AeD8JeAgWaAFLDmClc?JSAVztSAVG88A4N88A5MUPC6OBAA,?
173,15,https://harddrop.com/fumen/?v115@dgRpwhDeQ4hlRpwhDeR4glh0C8AeI8AeI8AeI8AeI8?AeF8JeAgWaAFLDmClcJSAVztSAVG88AYn88AZiHgCpOBAA,?
174,14,https://harddrop.com/fumen/?v115@VgwhRpGewhRpglFewhilFewhAth0FeBtj0CewhAth0?ilCewhQ4BtglRpCewhR4BtRpCewhJeAgWaAFLDmClcJSAVz?tSAVG88A4c88AZfjxCzOBAA,?
175,7,https://harddrop.com/fumen/?v115@VgwhIewhIewhRpGewhRpglFeh0AtglCeRpAeg0Bthl?Aeg0RpAeI8AeI8KeAgWXAFLDmClcJSAVztSAVG88A4c88AZ?ndBA,?
176,15,https://harddrop.com/fumen/?v115@BgwhIewhh0Gewhg0RpFewhg0RpDeQ4AeRpilCeR4F8?AeI8AeI8AeI8AeI8AeC8JeAgWZAFLDmClcJSAVztSAVG88A?Yn88AZijxCpAAAA,?
177,11,https://harddrop.com/fumen/?v115@ogwhGeRpwhglQ4EeRpwhglR4DeBtwhhlQ4Cewhg0Bt?i0Cewhi0E8AeD8JeAgWZAFLDmClcJSAVztSAVG88A4W88AZ?XstC0AAAA,?
178,14,https://harddrop.com/fumen/?v115@TgRpAeAtFeRpBtEeilAtQ4EeglRpwhR4Deg0RpE8Ae?I8AeI8AeI8AeD8JeAgWaAFLDmClcJSAVztSAVG88AYP88AZ?yjFDU+AAA,?
179,9,https://harddrop.com/fumen/?v115@bgg0BewhFeg0BewhEeh0AeglwhQ4BtCeilwhD8AeL8?AeI8AeI8AeB8JeAgWZAFLDmClcJSAVjiSAVG88AYn88A5ME?xC0AAAA,?
180,9,https://harddrop.com/fumen/?v115@ygg0GewhAeg0Gewhh0glFewhRpglAeQ4BtBewhRpE8?AeD8JeAgWaAFLDmClcJSAVztSAVG88AYS88AZPNFDzOBAA,?
181,14,https://harddrop.com/fumen/?v115@igwhFeh0AtwhFeg0BtwhFeg0AtQ4whFeRpR4g0EeRp?glQ4g0Q4Cewhilh0R4BewhJeAgWbAFLDmClcJSAVztSAVG8?8AYS88A5mjxCK+1BA,?
182,10,https://harddrop.com/fumen/?v115@LgzhDeAtg0glRpQ4CeBtg0glRpR4BeAth0C8AeG8Ae?H8AeI8AeI8AeI8AeI8JeAgWZAFLDmClcJSAVztSAVG88A4c?88AZiPFDpAAAA,?
183,9,https://harddrop.com/fumen/?v115@zgilFewhglRpg0EewhQ4Rpg0EewhR4h0DeAtwhE8Ae?D8JeAgWZAFLDmClcJSAVztSAVG88AYP88AZHDMC0AAAA,?
184,14,https://harddrop.com/fumen/?v115@AgwhIewhIewhIewhAeAtFehlBtBeR4AeRpglAtQ4Ae?R4g0AeRpglB8AeI8AeI8AeI8AeG8JeAgWaAFLDmClcJSAVz?tSAVG88AYP88AZHLWCU+AAA,?
185,9,https://harddrop.com/fumen/?v115@2gAtFehlBtFewhglAtGewhglRpFewhQ4RpBehlAeAt?JeAgWZAFLDmClcJSAVTXSAVG88A4N88AZuHgC0AAAA,?
186,8,https://harddrop.com/fumen/?v115@cgRpg0GeRpg0FeR4h0CeglAeT4whCeglBtR4AtwhCe?hlDtwhAeK8AeG8JeAgWaAFLDmClcJSAVztSAVG88AYS88A5?m3LCzOBAA,?
187,9,https://harddrop.com/fumen/?v115@Igg0Iei0GeRpwhGeRpwhCeglCeR4whAeilBeR4Atwh?AeI8AeI8AeI8AeI8JeAgWYAFLDmClcJSAVztSAVG88A4W88?AZfbMC,?
188,17,https://harddrop.com/fumen/?v115@Kgg0DewhDeg0hlAeAtwhCeh0whglBtwhCeRpwhglAt?Q4whQ4BeRpG8AeI8AeI8AeI8AeI8AeB8JeAgWaAFLDmClcJ?SAVztSAVG88AYn88AZyaPCU+AAA,?
189,15,https://harddrop.com/fumen/?v115@pgRpHeRpFehlBtAeg0CeRpglQ4Btg0CeRpglR4h0Be?whi0whS4BewhRpg0JeAgWaAFLDmClcJSAVztSAVG88AYS88?AZHkPC0OBAA,?
190,17,https://harddrop.com/fumen/?v115@LgRpg0ilR4AewhRpg0glAtR4BewhH8AeA8AeI8AeJ8?AeK8AeJ8AeL8AeB8JeAgWbAFLDmClcJSAVztSAVG88AYn88?A5cNPC0yqBA,?
191,14,https://harddrop.com/fumen/?v115@ufwwHeywGeglRpGeI8AeC8AeJ8AeI8AeI8AeE8AeI8?AeI8AeI8AeI8JeAgWaAFLDmClcJSAVDVSAVG88A4c88AZfr?gCT+AAA,?
192,9,https://harddrop.com/fumen/?v115@/fQ4GeRpR4FeRpR4Deg0AeBtR4Dei0BtQ4BeRpzhhl?BeRpAtwwi0glAeI8AeI8AeI8AeI8JeAgWZAFLDmClcJSAVz?tSAVG88AYS88AZ3ntC0AAAA,?
193,15,https://harddrop.com/fumen/?v115@LghlFeRpwhglCeRpg0RpwhglCeRpi0whQ4DeBthlD8?AeI8AeI8AeI8AeI8AeE8JeAgWZAFLDmClcJSAVztSAVG88A?4c88AZ33LC0AAAA,?
194,9,https://harddrop.com/fumen/?v115@pgwhIewhBeAtAeh0hlAeI8AeI8AeI8AeI8KeAgWYAF?LDmClcJSAVztSAVG88A4W88A5sbMC,?
195,15,https://harddrop.com/fumen/?v115@pgglRpCeQ4AewhAeglRpAtBeR4xhhlBtBeg0Q4xhD8?AeJ8AeI8AeD8JeAgWaAFLDmClcJSAVztSAVG88A4c88A5m/?VC0OBAA,?
196,20,https://harddrop.com/fumen/?v115@tfwhIewhIewhQ4BtFewhR4BtEeRpQ4RpEeRpwhRpEe?Rpwhi0AeAtBeRpwhhlg0BtBeH8AeI8AeI8AeI8AeA8JeAgW?bAFLDmClcJSAVztSAVG88AYS88A5s/wCsedBA,?
197,14,https://harddrop.com/fumen/?v115@Kgg0Ieg0Heh0HeRpGewhRpEehlwhRpDeR4glwhRpB8?AeK8AeI8AeE8JeAgWbAFLDmClcJSAVztSAVG88AYn88AZvT?WC6O2BA,?
198,14,https://harddrop.com/fumen/?v115@cgilGeglRpBeQ4hlAeAtg0RpBeR4glBtg0RpBeR4gl?Ath0RpA8AeI8AeI8AeH8JeAgWaAFLDmClcJSAVDVSAVG88A?YP88AZXegCpOBAA,?
199,9,https://harddrop.com/fumen/?v115@VgRpg0GeRpg0DeAtBeQ4h0CeBtBeR4zhAtwwBeI8Ae?I8AeI8AeI8KeAgWYAFLDmClcJSAVzbSAVG88AYn88AZ/NMC,?
200,9,https://harddrop.com/fumen/?v115@cgywBeRpBeg0Q4wwwhBeRpBeg0R4whBeRpAeh0AtQ4?whAeI8AeI8AeI8AeI8JeAgWZAFLDmClcJSAVzbSAVG88A4c?88AZujWCpAAAA,?
201,14,https://harddrop.com/fumen/?v115@fgilGeglR4GeR4RpFeBtRpAeAtDeg0BtwhBtDei0wh?AtCewhAeF8AeC8JeAgWbAFLDmClcJSAVztSAVG88AYS88AZ?vKxCz/1BA,?
202,13,https://harddrop.com/fumen/?v115@VgRpGewhRpGewhBthlDeglwhg0BtglR4BeglwhF8Ae?I8AeI8AeI8AeC8JeAgWZAFLDmClcJSAVztSAVG88A4c88AZ?3/wCpAAAA,?
203,9,https://harddrop.com/fumen/?v115@VgwhIewhIewhCei0CewhCeR4g0BeAtG8AeI8AeI8Ae?I8AeB8JeAgWZAFLDmClcJSAVzbSAVG88A4W88AZHUxCpAAA?A,?
204,9,https://harddrop.com/fumen/?v115@aghlHewhglFeRpwhglCeRpAeRpwhi0AeB8AeI8AeI8?AeI8AeG8JeAgWZAFLDmClcJSAVjrSAVG88AYn88AZ/7LC0A?AAA,?
205,9,https://harddrop.com/fumen/?v115@ogwhilAeAtwwCewhglRpBtxwBewhG8AeI8AeI8AeI8?AeB8JeAgWYAFLDmClcJSAVjrSAVG88AYP88AZCOMC,?
206,9,https://harddrop.com/fumen/?v115@igwhIewhilDeAtAewhglRpBeg0B8AeI8AeI8AeI8Ae?G8JeAgWZAFLDmClcJSAVjrSAVG88AYS88AZXmPCpAAAA,?
207,9,https://harddrop.com/fumen/?v115@zgRpDeQ4BeAtRpBehlR4Bth0Bewhglg0Q4Atglg0ww?Bewhglg0ilC8AeF8JeAgWaAFLDmClcJSAVjiSAVG88A4c88?AZeNPCa+AAA,?
208,9,https://harddrop.com/fumen/?v115@+fRpg0GeRpg0GeQ4h0GeR4whGeglQ4whEeilAtwhww?Beh0RpBtwhB8AeI8AeI8AeI8AeG8JeAgWYAFLDmClcJSAVz?bSAVG88A4c88AZXOMC,?
209,15,https://harddrop.com/fumen/?v115@BghlHewhglRpEeg0whglRpEeg0whg0RpDeh0whg0Rp?glwwCeAth0ilxwAeBtG8AeI8AeI8AeI8AeB8JeAgWZAFLDm?ClcJSAVjrSAVG88AYn88A5tTxC0AAAA,?
210,9,https://harddrop.com/fumen/?v115@fgglQ4HeglR4g0DeRphlQ4g0DeRpD8AeI8AeI8AeI8?AeE8JeAgWYAFLDmClcJSAVztSAVG88A4N88AZ33LC,?
211,9,https://harddrop.com/fumen/?v115@pgh0AtFewhg0BtBeQ4Cewhg0AtglBeR4RpwhilBeww?Q4RpwhC8AeI8AeF8JeAgWYAFLDmClcJSAVzbSAVG88A4c88?AZP9wC,?
212,24,https://harddrop.com/fumen/?v115@7fR4TpCeR4AtTpB8AeH8AeP8AeG8AeH8AeE8AeJ8Ae?I8AeI8AeG8JeAgWdAFLDmClcJSAVTXSAVG88AYe88AZyLMC?6u/VCpAAAA,?
213,16,https://harddrop.com/fumen/?v115@BgRpHeRpHewhi0FewhRpg0DeQ4AewhRpBtCeR4whil?BtBeR4G8AeI8AeI8AeI8AeB8JeAgWbAFLDmClcJSAVztSAV?G88AYS88AZ33LCTH2BA,?
214,9,https://harddrop.com/fumen/?v115@zgRpHeRpEeQ4Aewhh0EeR4whg0Q4DehlQ4whD8AeE8?JeAgWZAFLDmClcJSAVztSAVG88AYn88AZ/7LC0AAAA,?
215,14,https://harddrop.com/fumen/?v115@BgRpFeAtwhRpEeBtwhi0DeAtglwhRpg0DewhglwhRp?R4AewwAewhhlF8AeI8AeI8AeI8AeI8AeC8JeAgWaAFLDmCl?cJSAVT7SAVG88AYP88AZCOMCzOBAA,?
216,14,https://harddrop.com/fumen/?v115@Igg0Iei0GeilRpEeglR4RpDeAtR40hAeBthlwhE8Ae?I8AeI8AeI8AeD8JeAgWaAFLDmClcJSAVztSAVG88A4c88A5?mjxCqOBAA,?
217,11,https://harddrop.com/fumen/?v115@ygAtHeBtAeAtFeAtwhBtEeRpwhAtR4RpBeRpwhF8Ae?C8JeAgWaAFLDmClcJSAVzbSAVG88AYP88AZe9VCzOBAA,?
218,16,https://harddrop.com/fumen/?v115@dgRpFeR4RpEeR4hlwhEeRpg0glwhDeQ4Rpg0glwhDe?R4h0Q4whh0BewhQ4AtwwR4g0CewhBtxwQ4JeAgWbAFLDmCl?cJSAVztSAVG88AYS88AZHbPC0C2BA,?
219,9,https://harddrop.com/fumen/?v115@fgglIeglzhAewwCehlR4RpxwBeH8AeI8AeI8AeI8Ae?A8JeAgWYAFLDmClcJSAVTXSAVG88AYn88AZCOMC,?
220,9,https://harddrop.com/fumen/?v115@OgwhFeg0BewhFei0whFeRpwwwhAeAtDeRpxwBtCegl?F8AeI8AeI8AeI8AeC8JeAgWYAFLDmClcJSAVjrSAVG88AYP?88AZ+CMC,?
221,13,https://harddrop.com/fumen/?v115@SgAtIeBtg0FeRpAtg0FeRph0EewhglQ4hlDewwwhgl?R4glCexwwhhlQ4glB8AeI8AeG8JeAgWaAFLDmClcJSAVjrS?AVG88AYP88A5mbMC0OBAA,?
222,9,https://harddrop.com/fumen/?v115@PhRpwhCeglQ4Aeg0RpwhBeg0glR4i0JeAgWaAFLDmC?lcJSAVztSAVG88AYn88A5G8LC6OBAA,?
223,13,https://harddrop.com/fumen/?v115@QfR4GeR4glGeilDeg0BeRpg0Deg0BeRpg0Bewwh0Be?C8AeN8AeI8AeI8AeD8AeI8AeN8AeI8AeI8AeI8AeA8JeAgW?ZAFLDmClcJSAVDVSAVG88AYn88A597LC0AAAA,?
224,9,https://harddrop.com/fumen/?v115@zgRpHeTpEeCtRpDeBtg0BtQ4DeAtgli0R4BeilJeAg?WZAFLDmClcJSAVztSAVG88A4N88AZvTWC0AAAA,?
225,7,https://harddrop.com/fumen/?v115@SgilGeglRpGeQ4RpAeAtEeR4whBtCeilQ4whA8AeQ8?AeB8AeI8AeG8JeAgWZAFLDmClcJSAVTXSAVG88A4c88AZuP?FD0AAAA,?
226,9,https://harddrop.com/fumen/?v115@BgwhIewhIewhg0Hewhg0DeQ4Ceh0glBeS4klBeS4At?glC8AeI8AeI8AeI8AeF8JeAgWZAFLDmClcJSAVjiSAVG88A?YP88AZ+aFDpAAAA,?
227,9,https://harddrop.com/fumen/?v115@ygwhDeg0AeilwhDeg0Q4glRpwhAeI8AeI8AeI8JeAg?WZAFLDmClcJSAVDVSAVG88AYn88A52TWC0AAAA,?
228,14,https://harddrop.com/fumen/?v115@TgQ4IeR4FewhAeR4Cei0whwwR4CeRpg0whxwQ4AeAt?AeRpglwhwwRpBtAeilBtRpB8AeI8AeG8JeAgWaAFLDmClcJ?SAVDVSAVG88AYn88AZ/DxCvOBAA,?
229,13,https://harddrop.com/fumen/?v115@BgQ4IeR4HewhQ4HewhRpGewhRpAeAtCeh0G8AeH8Ae?I8AeI8AeI8AeC8JeAgWZAFLDmClcJSAVztSAVG88AYS88AZ?vLMC0AAAA,?
230,15,https://harddrop.com/fumen/?v115@AgwwFeR4xwCeBtR4glQ4wwCeg0BtwhglR4Cei0whhl?Q4A8AeM8AeI8AeI8AeI8AeI8AeD8JeAgWbAFLDmClcJSAVj?iSAVG88AYS88AZPNFDvedBA,?
231,17,https://harddrop.com/fumen/?v115@BgwhIewhIewhRpGewhRpBtBei0F8AeH8AeI8AeI8Ae?I8AeI8AeD8JeAgWaAFLDmClcJSAVztSAVG88A4c88AZyaPC?pOBAA,?
232,16,https://harddrop.com/fumen/?v115@3fRpHeRpHehlGeAtwhglEeglBtwhglEeglAtxhg0Ce?Rphlxhg0CeRpR4whh0AewwAeglS4whRpxwAeglBtR4D8AeI?8AeE8JeAgWbAFLDmClcJSAVTXSAVG88A4c88AZXOMCK+1BA,?
233,9,https://harddrop.com/fumen/?v115@pgRpGeAtRpFeBthlDeR4AtwhD8AeH8AeI8AeF8JeAg?WYAFLDmClcJSAVztSAVG88AYP88A5tTxC,?
234,15,https://harddrop.com/fumen/?v115@KgAtHeBtDeQ4CeAtglDeR4AeilDeg0Q4zhRpBei0Q4?hlRpBeAtRpR4glh0AeBtRpwhQ4glB8AeI8AeG8JeAgWbAFL?DmClcJSAVztSAVG88AYP88AZn9VCzO2BA,?
235,14,https://harddrop.com/fumen/?v115@fgilGeglh0AtwhEewhg0BtwhRpCewhg0BtwhRpCewh?glBtwhQ4DewhglAtRpR4CeG8AeB8JeAgWbAFLDmClcJSAVz?tSAVG88AYP88A5MExCpX2BA,?
236,9,https://harddrop.com/fumen/?v115@tfwhIewhIewhIewhR4GeR4g0GeRpi0CeTpi0CeRpzh?g0AtBehlG8AeI8AeI8AeI8AeB8JeAgWZAFLDmClcJSAVztS?AVG88A4c88AZiLuC0AAAA,?
237,11,https://harddrop.com/fumen/?v115@7gR4GeR4whCeRpAeAtg0glxhBeRpBtg0glwhB8AeG8?JeAgWaAFLDmClcJSAVztSAVG88AYS88AZHcgCqOBAA,?
238,17,https://harddrop.com/fumen/?v115@vgBthlCeh0R4BtglCeg0R4whglQ4glCeg0RpwhglR4?DeRpwhhlQ4B8AeG8JeAgWbAFLDmClcJSAVztSAVG88A4N88?AZHbPCsO2BA,?
239,9,https://harddrop.com/fumen/?v115@9gwhBtGewhg0BtFewhi0DeRpF8AeC8JeAgWZAFLDmC?lcJSAVztSAVG88AYS88A5szPC0AAAA,?
240,14,https://harddrop.com/fumen/?v115@VgwhIewhHexhg0Gexhg0RpEewhh0RpDeQ4whRpBtDe?R4Rpg0BtBehlQ4E8AeD8JeAgWbAFLDmClcJSAVztSAVG88A?YS88A5szPCUH2BA,?
241,9,https://harddrop.com/fumen/?v115@fgwhQ4HewhR4AehlDeF8AeI8AeI8AeI8AeI8AeC8Je?AgWYAFLDmClcJSAVztSAVG88AYn88AZvCMC,?
242,16,https://harddrop.com/fumen/?v115@1fQ4GeRpR4FeRpAtQ4whEeCtxhDeCtg0xhDeAtR4g0?xhilAeR4h0whC8AeI8AeI8AeI8AeI8AeF8JeAgWbAFLDmCl?cJSAVztSAVG88AYP88AZyaFDzO2BA,?
243,9,https://harddrop.com/fumen/?v115@fgi0GeglQ4g0FehlR4DeklQ4Bewwzhi0BexwAtRpD8?AeI8AeE8JeAgWZAFLDmClcJSAVjiSAVG88AYn88AZ+LMCpA?AAA,?
244,15,https://harddrop.com/fumen/?v115@VgglQ4EeglBeglR4BeilRphlQ4CeAtg0RpzhAeBti0?E8AeI8AeI8AeI8AeD8JeAgWZAFLDmClcJSAVT7SAVG88AYe?88A58CMC0AAAA,?
245,14,https://harddrop.com/fumen/?v115@WgAtHeBtHeAtilFewhglRpEeg0whQ4RpEeg0D8AeL8?AeI8AeB8JeAgWbAFLDmClcJSAVztSAVG88AYS88AZ3ntCU+?1BA,?
246,13,https://harddrop.com/fumen/?v115@VgRpg0GeRpg0Gewhh0GewhglQ4BtEewhglR4BtDeG8?AeI8AeI8AeB8JeAgWaAFLDmClcJSAVztSAVG88AYP88A5MU?FDU+AAA,?
247,11,https://harddrop.com/fumen/?v115@9gilFeg0glAtwhBeQ4Ceg0BtwhBeR4Aeh0D8AeE8Je?AgWbAFLDmClcJSAVztSAVG88A4W88A5dPFDMN2BA,?
248,14,https://harddrop.com/fumen/?v115@zgRpHeRpAtg0ilCewhBtg0glQ4CeAtwhAth0whR4Ae?BtE8AeD8JeAgWbAFLDmClcJSAVztSAVG88A4c88AZvKWC0X?2BA,?
249,15,https://harddrop.com/fumen/?v115@LgwhIewhBtGewhQ4BtFewhR4RpDei0Q4RpDeh0zhgl?Bei0BtilBeRpF8AeI8AeC8JeAgWbAFLDmClcJSAVztSAVG8?8A4c88AZSFgCzO2BA,?
250,8,https://harddrop.com/fumen/?v115@PfwhIewhIeG8AeB8AeI8AeI8AeI8AeI8AeP8AeF8Ae?J8AeF8AeI8AeN8AeI8AeB8JeAgWZAFLDmClcJSAVztSAVG8?8A4W88AZHkPCpAAAA,?
251,18,https://harddrop.com/fumen/?v115@PfQ4IeR4Eei0whQ4AtQ4CeRpg0whBtR4BeRpglwhAt?RpQ4BeilE8AeI8AeI8AeI8AeL8AeI8AeG8AeI8AeI8AeI8A?eC8JeAgWaAFLDmClcJSAVTXSAVG88A4N88AZXWWCK+AAA,?
252,17,https://harddrop.com/fumen/?v115@LgRpHeRpQ4GeRpR4FeRpglQ4i0CeH8AeI8AeI8AeI8?AeI8AeA8JeAgWbAFLDmClcJSAVztSAVG88AYn88AZP9VCT+?1BA,?
253,9,https://harddrop.com/fumen/?v115@ngQ4Ceg0EeR4Beg0FeQ4H8AeI8AeI8AeI8AeA8JeAg?WaAFLDmClcJSAVztSAVG88AYn88AZyLMCK+AAA,?
254,9,https://harddrop.com/fumen/?v115@8gwwwhAei0CexwA8AeI8AeI8AeH8JeAgWaAFLDmClc?JSAVjrSAVG88AYn88A5GExCK+AAA,?
255,11,https://harddrop.com/fumen/?v115@ygwhQ4HewhR4AehlBehlwhR4RpglCeglwhR4RpglBe?Atglg0E8AeD8JeAgWZAFLDmClcJSAVztSAVG88AYn88A5WN?PC0AAAA,?
256,15,https://harddrop.com/fumen/?v115@jfAtIeBtilEewhAtglRpQ4Aei0G8AeI8AeI8AeI8Ae?I8AeH8AeI8AeI8AeI8AeI8AeC8JeAgWaAFLDmClcJSAVztS?AVG88AYP88AZHLWCpOBAA,?
257,10,https://harddrop.com/fumen/?v115@/fAtwhGeBtwhC8AeJ8AeI8AeH8AeI8AeI8AeL8AeI8?AeI8AeC8JeAgWZAFLDmClcJSAVzbSAVG88A4c88AZ+aPCpA?AAA,?
258,9,https://harddrop.com/fumen/?v115@ygwhhlBewwDexhglBexwCexhglAtAewwAtRpQ4xhBt?AeBtRpR4C8AeF8JeAgWaAFLDmClcJSAVTXSAVG88AYS88A5?2jPC0OBAA,?
259,9,https://harddrop.com/fumen/?v115@VgRpHeRpHewhilCeQ4BewhglBtCeR4Aewhh0Bti0Q4?AeI8AeI8AeI8KeAgWYAFLDmClcJSAVztSAVG88AYn88A52L?MC,?
260,9,https://harddrop.com/fumen/?v115@fgRpHeRpAewwFeBtxwg0EewhBtwwi0hlAeI8AeI8Ae?I8KeAgWZAFLDmClcJSAVjrSAVG88A4W88AZvTxCpAAAA,?
261,9,https://harddrop.com/fumen/?v115@fgglIeglAeQ4GehlR4FeI8AeI8AeI8AeI8KeAgWZAF?LDmClcJSAVDVSAVG88AYn88AZu/VCpAAAA,?
262,20,https://harddrop.com/fumen/?v115@ueAtFeRpBtR4DeRpAtR4whA8AeM8AeI8AeF8AeM8Ae?K8AeF8AeI8AeI8AeI8AeH8AeI8AeI8AeI8AeI8AeI8AeE8J?eAgWbAFLDmClcJSAVzbSAVG88AYe88A5d/VCqndBA,?
263,17,https://harddrop.com/fumen/?v115@eeBtEeS4AtwwDeR4AtR4xwDeBtg0Q4wwRpCeAtgli0?RpBeilE8AeI8AeI8AeK8AeI8AeI8AeI8AeG8AeI8AeH8AeF?8AeI8AeH8AeI8AeI8AeI8JeAgWbAFLDmClcJSAVTXSAVG88?AYP88A5MUFDsedBA,?
264,18,https://harddrop.com/fumen/?v115@ZfzhFeRpQ4GeRpR4EeAti0Q4DeBtE8AeK8AeI8AeI8?AeI8AeI8AeE8AeK8AeI8AeI8AeD8JeAgWbAFLDmClcJSAVz?tSAVG88AYS88AZvKxCa+1BA,?
265,16,https://harddrop.com/fumen/?v115@3fhlHewhglHewhglHewhRpDeg0BewhRpCeAtl0BeBt?R4whD8AeH8AeI8AeI8AeI8AeF8JeAgWbAFLDmClcJSAVztS?AVG88AYS88A52jPC6O2BA,?
266,16,https://harddrop.com/fumen/?v115@LgwhIewhGeRpwhGeRpwhAtFeh0BtEeglg0whAtQ4Be?Q4ilg0whC8AeH8AeI8AeG8JeAgWbAFLDmClcJSAVztSAVG8?8AYP88AZXExCTH2BA,?
267,11,https://harddrop.com/fumen/?v115@SgBtGeh0BtFeg0whRpAewwAeQ4hlg0whRpI8AeI8Ae?I8AeI8AeF8AeC8JeAgWZAFLDmClcJSAVztSAVG88AYP88A5?2TWCpAAAA,?
268,9,https://harddrop.com/fumen/?v115@AhQ4CeAtRpwhh0R4AeBtRpF8AeI8AeC8JeAgWYAFLD?mClcJSAVztSAVG88AYS88AZHLxC,?
269,9,https://harddrop.com/fumen/?v115@MgAtHeBtwwGeAtywFeglRpg0whEeglRpg0whAewhCe?hlh0whAewhAeQ4AeG8AeG8AeI8AeD8JeAgWaAFLDmClcJSA?VT7SAVG88A4c88AZ/LgCU+AAA,?
270,9,https://harddrop.com/fumen/?v115@egwhIewhRpGewhRpEeBtwhi0AeglBeQ4BtF8AeI8Ae?I8AeC8JeAgWZAFLDmClcJSAVztSAVG88AYn88A5MMgCpAAA?A,?
271,37,https://harddrop.com/fumen/?v115@PfglIeglGeRphlCewwBeRpBtAeg0ywAeRpwhBti0Q4?AeRpG8AeD8AeL8AeI8AeJ8AeC8AeI8AeM8AeK8AeE8AeG8J?eAgWgAFLDmClcJSAVDVSAVG88AYS88AZHkFDMtHgCpeNFD,?
272,9,https://harddrop.com/fumen/?v115@pgQ4HewhR4Gewhg0Q4Gewhi0DeglQ4whilDeglR4B8?AeG8JeAgWaAFLDmClcJSAVT7SAVG88A4W88AZu3LC6OBAA,?
273,9,https://harddrop.com/fumen/?v115@vfwwGeh0xwR4BeAtwhI8AeI8AeI8AeI8AeB8AeL8Ae?I8AeI8AeI8AeI8AeD8JeAgWZAFLDmClcJSAVzbSAVG88A4W?88A5MExCpAAAA,?
274,9,https://harddrop.com/fumen/?v115@LgQ4AeRpwhEeF8AeI8AeI8AeI8AeH8AeK8AeI8AeB8?AeI8JeAgWZAFLDmClcJSAVTXSAVG88AYn88AZCmPCpAAAA,?
275,9,https://harddrop.com/fumen/?v115@/fRpGeg0RpCeilwwi0AeI8AeI8AeR8AeG8AeI8AeD8?AeI8AeG8JeAgWZAFLDmClcJSAVjrSAVG88A4N88AZHcgC0A?AAA,?
276,15,https://harddrop.com/fumen/?v115@BgwhglHewhglHewhhlEeRpwhh0EeRpglg0Q4BtCeAt?whglg0R4BtAeBtwhC8AeI8AeI8AeI8AeF8JeAgWaAFLDmCl?cJSAVztSAVG88A4W88A5s/VCU+AAA,?
277,7,https://harddrop.com/fumen/?v115@Bgh0Q4Geg0S4BeglAehlI8AeI8AeB8AeI8AeI8AeI8?AeI8AeI8AeG8JeAgWZAFLDmClcJSAVztSAVG88A4W88AZ3/?wCsAAAA,?
278,9,https://harddrop.com/fumen/?v115@ogwhglHewhglEeAtAeg0whhlCeBtAeg0whB8AeI8Ae?I8AeG8JeAgWZAFLDmClcJSAVztSAVG88A4W88AZ/rtCpAAA?A,?
279,9,https://harddrop.com/fumen/?v115@VgwhIewhIewhGeRpwhEeAtg0RpA8AeI8AeI8AeI8Ae?H8JeAgWYAFLDmClcJSAVztSAVG88A4c88AZyCMC,?
280,9,https://harddrop.com/fumen/?v115@QgAtDewhCeBtDewhCeCtAeQ4AewhBeglRpBtR4whBe?glRpi0Q4A8AeI8AeI8AeI8AeH8JeAgWYAFLDmClcJSAVztS?AVG88AYS88AZvLMC,?
281,9,https://harddrop.com/fumen/?v115@egwhBeglFexhAeglCeh0AtxhAehlBeg0BtwhA8AeI8?AeI8AeI8AeH8JeAgWYAFLDmClcJSAVztSAVG88A4c88AZX8?LC,?
282,9,https://harddrop.com/fumen/?v115@ngRpg0GeRpi0AeglCeR4ilAeglAeS4whglBtAehlR4?g0whC8AeI8AeF8JeAgWZAFLDmClcJSAVDVSAVG88AYP88A5?mjxCzAAAA,?
283,11,https://harddrop.com/fumen/?v115@tgRpHeRpHeR4h0Atg0AewwBeR4g0Btg0ywAeR4g0At?h0H8AeA8JeAgWZAFLDmClcJSAVzbSAVG88AYS88AZXOMC0A?AAA,?
284,11,https://harddrop.com/fumen/?v115@VgwhIewhIewhRpGewhRpGewhBtFexhglBtDeyhglBt?AeQ4BeyhhlBtR4AexhJeAgWaAFLDmClcJSAVztSAVG88AYS?88AZf/wCT+AAA,?
285,9,https://harddrop.com/fumen/?v115@LgwhIewhIewhGeR4whFeR4h0Fehlg0D8AeI8AeI8Ae?I8AeE8JeAgWZAFLDmClcJSAVztSAVG88AYn88AZSFgCpAAA?A,?
286,9,https://harddrop.com/fumen/?v115@ygxhHexhg0Gexhi0glDewhBtilCeRpF8AeC8JeAgWY?AFLDmClcJSAVztSAVG88AYS88AZHUxC,?
287,9,https://harddrop.com/fumen/?v115@TgQ4HeS4glFeS4ilBeAtRpQ4whilAeBtRpAtwhh0gl?AeAtRpBtwhC8AeK8AeI8AeD8JeAgWaAFLDmClcJSAVDVSAV?G88AYP88A5tbgC0/AAA,?
288,21,https://harddrop.com/fumen/?v115@ZfAtIeBtHeRpGeg0RpQ4Feg0RpR4AeBtglg0whH8Ae?I8AeG8AeI8AeF8AeI8AeI8AeI8AeI8AeF8JeAgWcAFLDmCl?cJSAVztSAVG88AYe88AZfLuCMuCMC,?
289,9,https://harddrop.com/fumen/?v115@zgwhIewhIewhhlGewhAtglBeilBeBtglBeglh0LeAg?WaAFLDmClcJSAVztSAVG88A4c88A5tLMC0/AAA,?
290,9,https://harddrop.com/fumen/?v115@VgwwBthlEexwBtglBezwRpQ4glAehlxwE8AeI8AeL8?AeD8AeI8AeF8JeAgWXAFLDmClcJSAVztSAVG88AYP88A5tz?BA,?
291,11,https://harddrop.com/fumen/?v115@pgxhHexhHexhRpFeglQ4RpCeAtBeglR4BtAeBtBehl?Q4g0CtAewwKeAgWaAFLDmClcJSAVztSAVG88A4c88AZi/wC?PNBAA,?
292,9,https://harddrop.com/fumen/?v115@ygglQ4FeilR4Eei0R4Deg0glQ4g0R4Deg0glR4RpCe?h0hlQ4JeAgWZAFLDmClcJSAVztSAVG88AYn88AZn9VC0AAA?A,?
293,22,https://harddrop.com/fumen/?v115@wewhIewhIewhHeQ4whHeR4BeAtDeh0Q4CtDeg0Rpgl?AtDewwg0RpAtglAtAeR4xwRpwhBtR4AewwglRpC8AeH8AeI?8AeI8AeI8AeI8AeI8AeI8AeI8AeG8JeAgWcAFLDmClcJSAV?DVSAVG88AYe88A5GUPCpyjPC,?
294,9,https://harddrop.com/fumen/?v115@VgglFei0glFeRpg0hlDeAtRpglRpCeBtilB8AeI8Ae?I8AeI8AeG8JeAgWYAFLDmClcJSAVjrSAVG88A4c88AZXOMC,?
295,9,https://harddrop.com/fumen/?v115@egwhIewhQ4Aeg0DeRpwhR4i0BeRpwhF8AeI8AeI8Ae?I8AeC8JeAgWYAFLDmClcJSAVztSAVG88AYS88A5G8LC,?
296,9,https://harddrop.com/fumen/?v115@sgQ4BtAeRpwhCeR4BtRpwhA8AeI8AeI8AeI8AeH8Je?AgWZAFLDmClcJSAVztSAVG88AYP88AZybgCpAAAA,?
297,9,https://harddrop.com/fumen/?v115@fgglIeglBtGehlBtAeAtDezhBtBeRpG8AeI8AeI8Ae?B8JeAgWYAFLDmClcJSAVztSAVG88AYS88AZvLMC,?
298,9,https://harddrop.com/fumen/?v115@UgwhIewhglGeAtwhglFeBtwhhlBeg0BeAthlB8AeI8?AeI8AeI8AeG8JeAgWYAFLDmClcJSAVztSAVG88AYP88A52L?MC,?
299,13,https://harddrop.com/fumen/?v115@VgwhIewhHeAtwhhlRpCeBtxhglRpBtAeBtQ4whRpR4?Aeg0Btxhg0CtAei0F8AeI8AeC8JeAgWbAFLDmClcJSAVztS?AVG88A4c88AZyaPCzedBA,?
300,14,https://harddrop.com/fumen/?v115@JgAtg0FewhBtg0FewhAth0FewhilEeg0whglRpBeRp?Aei0RpA8AeI8AeI8AeI8AeH8JeAgWaAFLDmClcJSAVztSAV?G88AYS88AZvTxCa+AAA,?
301,14,https://harddrop.com/fumen/?v115@BgwhIewhg0Hewhi0FewhQ4hlFewhR4glFexhQ4glFe?xhhlRpAeAtBexhhlRpBtBeB8AeI8AeG8JeAgWbAFLDmClcJ?SAVztSAVG88A4c88AZ3zPC0C2BA,?
302,9,https://harddrop.com/fumen/?v115@ngh0DeglCeg0whQ4AeRpglCeg0whA8AeE8AeC8AeI8?AeI8AeH8JeAgWaAFLDmClcJSAVztSAVG88AYn88AZXstCJN?BAA,?
303,9,https://harddrop.com/fumen/?v115@ggRpFeg0whRpFeg0whilDeh0whglBtDeRpwhh0DtAe?RpD8AeM8AeA8JeAgWZAFLDmClcJSAVztSAVG88A4c88AZ/D?WC0AAAA,?
304,10,https://harddrop.com/fumen/?v115@2fwhGehlwhg0RpBeR4AtglwhD8AeE8AeO8AeC8AeP8?AeJ8AeH8AeD8AeI8AeG8JeAgWaAFLDmClcJSAVzbSAVG88A?4c88AZ33LCzOBAA,?
305,9,https://harddrop.com/fumen/?v115@LgwhGeRpwhGeRpwhFei0whFeglQ4g0ilDeglR4glAt?g0DehlQ4Btg0AeR4hlRpAth0R4AtAeglRpF8AeC8JeAgWaA?FLDmClcJSAVztSAVG88AYn88AZ3/wCMNBAA,?
306,14,https://harddrop.com/fumen/?v115@egAtHeBtHeAtwhHexhRpEeyhRpBeBtAeyhh0CeBtxh?glC8AeF8JeAgWbAFLDmClcJSAVztSAVG88A4W88AZS9VC6O?2BA,?
307,15,https://harddrop.com/fumen/?v115@2fxhHexhRpEeg0xhRpg0Deg0xhi0Deh0RpR4CeBtww?D8AeI8AeH8AeN8AeI8AeC8AeG8JeAgWbAFLDmClcJSAVT7S?AVG88A4W88A5M+tCM+1BA,?
308,14,https://harddrop.com/fumen/?v115@CgAtHeBtHeAtR4EeRpR4FeRpwhRpCei0xhRpCeglQ4?g0xhwwBtBeglR4xhxwBtAehlQ4whE8AeI8AeD8JeAgWZAFL?DmClcJSAVTXSAVG88AYP88AZCOMC0AAAA,?
309,9,https://harddrop.com/fumen/?v115@VgQ4IeR4Aeh0AtCewhR4glg0BtCewhH8AeI8AeI8Ae?I8AeI8AeA8JeAgWYAFLDmClcJSAVztSAVG88AYS88A5dbMC,?
310,9,https://harddrop.com/fumen/?v115@BgwhIewhIewhIewhRpGeQ4RpGeR4hlAeAtCewhR4hl?BtCewhG8AeI8AeI8AeB8JeAgWZAFLDmClcJSAVztSAVG88A?YP88AZvjFDpAAAA,?
311,14,https://harddrop.com/fumen/?v115@LgQ4Heg0R4Geg0whQ4Feh0whRpAezhRpG8AeI8AeI8?AeI8AeI8AeB8JeAgWZAFLDmClcJSAVztSAVG88AYP88AZCm?FDpAAAA,?
312,9,https://harddrop.com/fumen/?v115@BgwhIewhIewhIewhRpFeh0RpQ4Eej0R4Ceh0G8AeI8?AeI8AeI8AeB8JeAgWYAFLDmClcJSAVztSAVG88AYS88A5mb?MC,?
313,9,https://harddrop.com/fumen/?v115@ogwhGeRpwhFeg0RpwhilBtAei0whE8AeI8AeI8AeD8?JeAgWYAFLDmClcJSAVztSAVG88AYP88AZHMMC,?
314,9,https://harddrop.com/fumen/?v115@pgg0Iei0AtFehlBtFeH8AeI8AeI8AeA8JeAgWaAFLD?mClcJSAVDVSAVG88AYn88AZPltCUHBAA,?
315,15,https://harddrop.com/fumen/?v115@dgRpxhFeRpxhEeAtRpxhi0AeBtRpE8AeI8AeI8AeI8?AeD8JeAgWaAFLDmClcJSAVztSAVG88A4c88AZXUPCU+AAA,?
316,14,https://harddrop.com/fumen/?v115@LgBtCei0Beg0BtAej0Bei0wwBtg0glQ4AeI8AeI8Ae?I8AeH8AeI8AeI8AeA8JeAgWaAFLDmClcJSAVjrSAVG88A4W?88AZO8LCUHBAA,?
317,9,https://harddrop.com/fumen/?v115@pgglDei0BeglCeQ4Btg0BehlAewhR4BtglAeI8AeI8?AeI8KeAgWYAFLDmClcJSAVztSAVG88A4W88AZvLMC,?
318,7,https://harddrop.com/fumen/?v115@NgRpFeTpFeRpQ4ywDewhS4xwDewhS4xwAeAtBewhg0?Q4BtwwBtBewhi0CtCeG8AeC8AeH8JeAgWZAFLDmClcJSAVz?bSAVG88AYS88AZHUxCpAAAA,?
319,15,https://harddrop.com/fumen/?v115@sfwhRpGewhRpGewhRpGewhRpGewhilEeAtwhglR4De?BtwhR4EeAtQ4whi0CeT4E8AeI8AeI8AeI8AeD8JeAgWbAFL?DmClcJSAVztSAVG88A4N88AZiPFD6edBA,?
320,11,https://harddrop.com/fumen/?v115@fgQ4AeglGeR4glGeg0Q4hlEewhi0RpDewhilRpDewh?glzhDexhRpglR4wwAeAtg0JeAgWaAFLDmClcJSAVjrSAVG8?8AYS88AZHbPC0OBAA,?
321,13,https://harddrop.com/fumen/?v115@+fi0GeRpg0GeRpAtHeBtDeilAeAtwhDeglAtBexhCe?g0CtAexhCeg0CtAexhQ4Aeh0Q4AtBewhglwhRpwhg0hlAeh?lD8AeE8JeAgWaAFLDmClcJSAVjrSAVG88A4c88AZXOMC0CB?AA,?
322,9,https://harddrop.com/fumen/?v115@SgglGeilBeQ4CeAtRph0AeR4AeBtRph0AeglQ4AeAt?Rpi0AeglQ4AeR4whg0AtRpglQ4AeR4RpBtg0F8AeI8AeC8J?eAgWZAFLDmClcJSAVDVSAVG88A4c88A5mjxCpAAAA,?
323,14,https://harddrop.com/fumen/?v115@Vgh0FeR4g0whEeR4whg0whglCeAth0whF8AeL8AeI8?AeI8AeI8KeAgWaAFLDmClcJSAVztSAVG88AYS88AZHDMCzO?BAA,?
324,9,https://harddrop.com/fumen/?v115@fgwhAeg0EeAtg0whAeg0Q4CeBtg0whh0R4AeQ4Ath0?whRpglQ4AeR4RpB8AeI8AeI8AeG8JeAgWaAFLDmClcJSAVz?tSAVG88AYn88A58KWCU+AAA,?
325,14,https://harddrop.com/fumen/?v115@fgg0EezhD8AeI8AeI8AeI8AeI8AeL8AeB8JeAgWaAF?LDmClcJSAVztSAVG88A4c88A52LMCqOBAA,?
326,11,https://harddrop.com/fumen/?v115@0gAtHeBtAeglFeAtilAei0RpzhBeQ4g0Tpg0whAeS4?hlJeAgWaAFLDmClcJSAVztSAVG88AYP88A5MMgC0XBAA,?
327,11,https://harddrop.com/fumen/?v115@FfwwIexwRpFewwAtRpR4AtCeBtwhR4BtBeglE8AeM8?AeI8AeI8AeI8AeH8AeI8AeH8AeC8AeI8AeI8AeN8AeC8JeA?gWYAFLDmClcJSAVTXSAVG88A4W88A5MOMC,?
328,9,https://harddrop.com/fumen/?v115@VgwhIewhIewhIewhBtGewhg0BtFewhi0FeglRpglEe?whglRphlBtAeg0whJeAgWaAFLDmClcJSAVT7SAVG88AYP88?AZSNPC0OBAA,?
329,16,https://harddrop.com/fumen/?v115@NgglGeili0Ceg0RpQ4Btg0Ceg0RpR4BtglAeh0ywQ4?ilAeRpE8AeI8AeI8AeI8AeD8JeAgWaAFLDmClcJSAVztSAV?G88A4N88AZHcgCU+AAA,?
330,11,https://harddrop.com/fumen/?v115@VgwhIewhIewhIewhBtGewhg0BtFewhi0FeglRpglAe?Q4CewhglRphlBtAeg0whJeAgWaAFLDmClcJSAVT7SAVG88A?4W88AZSltC0OBAA,?
331,9,https://harddrop.com/fumen/?v115@tfwhIewhIewhIewhhlFeg0RpglFeg0RpglEeh0glRp?Dei0glRpDeAtQ4g0hlR4BeBtR4E8AeI8AeI8AeD8JeAgWYA?FLDmClcJSAVjiSAVG88A4c88AZXOMC,?
332,9,https://harddrop.com/fumen/?v115@3fwhIewhHeAtwhGeBtwhGeAtglBtEejlBtDei0glR4?DeRpg0E8AeI8AeI8AeI8AeD8JeAgWYAFLDmClcJSAVztSAV?G88A4W88A5s3LC,?
333,9,https://harddrop.com/fumen/?v115@fgglHeAtglGeBthlFeAtglBtEeilg0BtDel0DeRpg0?zhBeQ4RpwhJeAgWZAFLDmClcJSAVT7SAVG88A4W88A5tTxC?0AAAA,?
334,9,https://harddrop.com/fumen/?v115@ygwhHeg0whHeg0whGeh0whg0Feili0R4BeglQpglJe?AgWaAFLDmClcJSAVjrSAVG88A4N88AZijxCvOBAA,?
335,9,https://harddrop.com/fumen/?v115@BgwhIewhGeRpwhGeRpwhGexhRpFexhRpDeQ4AexhBt?DeR4xhg0BtBehlQ4hlD8AeI8AeE8JeAgWbAFLDmClcJSAVz?tSAVG88AYP88A5sjWCvuDCA,?
336,9,https://harddrop.com/fumen/?v115@pgRpHeRpHeglg0Geg0gli0Eeg0RpwhglR4Ceg0Rpwh?hlBtAeh0JeAgWYAFLDmClcJSAVztSAVG88AYn88A59DxC,?
337,14,https://harddrop.com/fumen/?v115@2fg0Ieg0Heh0HeRpFewhAeRpQ4AewhCewhh0AtR4wh?Cewhg0BtR4whCewhg0Atg0R4whAeilRpg0C8AeI8AeI8AeF?8JeAgWbAFLDmClcJSAVztSAVG88AYn88AZijWCvedBA,?
338,17,https://harddrop.com/fumen/?v115@VgglHewhglAeRpDeAtwhhlRpCeBtwhi0CeglAtwwwh?glQ4g0AeilywglR4BeRpi0hlQ4AeQ4RpBtg0D8AeE8JeAgW?aAFLDmClcJSAVztSAVG88A4W88A5s3LC0OBAA,?
339,14,https://harddrop.com/fumen/?v115@fgwhHexhHexhFeRpxhEewwRpwhQ4BtBeywAtg0R4Be?i0Bth0Q4BeR4g0Ath0JeAgWaAFLDmClcJSAVztSAVG88AYS?88A52TxC6OBAA,?
340,4,https://harddrop.com/fumen/?v115@6gg0Iei0EeAtzhQ4CeCtRpg0R4BeCtRpg0JeAgWWAF?LDmClcJSAVztSAVG88AYS88A5MBAA,?
341,15,https://harddrop.com/fumen/?v115@Igi0Gei0glFeg0RpglDeBtg0RphlDeBtR4D8AeI8Ae?I8AeI8AeI8AeE8JeAgWaAFLDmClcJSAVztSAVG88AYn88A5?9rtCU+AAA,?
342,15,https://harddrop.com/fumen/?v115@3fglIeglIehlHewhBtGewhg0BtEeg0whi0CeR4g0wh?wwilAeR4h0G8AeI8AeI8AeI8AeB8JeAgWaAFLDmClcJSAVz?tSAVG88AYn88A5W9VCU+AAA,?
343,9,https://harddrop.com/fumen/?v115@ngRpQ4GeRpR4FeRpwhQ4AtEeRpwhBtBeQ4Aei0C8Ae?I8AeF8JeAgWbAFLDmClcJSAVztSAVG88A4N88AZijxC6vqB?A,?
344,9,https://harddrop.com/fumen/?v115@ygwhIewhIewhi0BeRpBewhglQ4g0BeRpBeg0glR4Ae?wwzhg0JeAgWbAFLDmClcJSAVztSAVG88A4N88AZHbFDMN2B?A,?
345,14,https://harddrop.com/fumen/?v115@mgglRpGeglRpGehlAtCeQ4AeRpg0BtCeR4Rpg0Atww?whCeQ4glh0xwxhAeili0wwJeAgWaAFLDmClcJSAVztSAVG8?8A4c88AZyaFD0OBAA,?
346,9,https://harddrop.com/fumen/?v115@pgg0Iei0GeQ4BtGeR4BtDehlR4ilDeglR4glRpBtAe?Q4glJeAgWZAFLDmClcJSAVztSAVG88AYP88A5tKWC0AAAA,?
347,12,https://harddrop.com/fumen/?v115@pgg0Iei0GexhQ4GexhR4AeRpCexhR4AeRpCexhR4Ae?BtBeglJeAgWbAFLDmClcJSAVztSAVG88AYP88A5mjWCzO2B?A,?
348,4,https://harddrop.com/fumen/?v115@zgwhFei0whFeRpg0whFeRpQ4whAei0AeBthlE8AeD8?JeAgWWAFLDmClcJSAVjrSAVG88AYP88AZOBAA,?
349,4,https://harddrop.com/fumen/?v115@zgwhGeRpwhg0FeRpwhg0BtBei0glh0Q4BtAewhilH8?AeA8JeAgWXAFLDmClcJSAVzbSAVG88A4N88AZHrBA,?
350,4,https://harddrop.com/fumen/?v115@MhRpilEeRpglR4whAeAtBeh0R4wwJeAgWXAFLDmClc?JSAVjrSAVG88AYn88A5G2BA,?
351,4,https://harddrop.com/fumen/?v115@Hhh0FeQ4h0RpCewhAeQ4g0C8AeF8JeAgWWAFLDmClc?JSAVztSAVG88AYn88AZCBAA,?
352,9,https://harddrop.com/fumen/?v115@zgRpHeRpEehlwhBtEehlwhg0AtDeg0hlwhi0Q4Beg0?hlwhJeAgWYAFLDmClcJSAVztSAVG88A4c88A59DxC,?
353,4,https://harddrop.com/fumen/?v115@OhRpg0BtEeRpg0whBtDeQ4h0JeAgWWAFLDmClcJSAV?ztSAVG88AYS88A5MBAA,?
354,4,https://harddrop.com/fumen/?v115@zgAtQ4HeR4GewhQ4hlFewhh0glCeg0Rpwhh0glCeg0?RpwhJeAgWWAFLDmClcJSAVztSAVG88AYn88A5MBAA,?
355,4,https://harddrop.com/fumen/?v115@GhhlFejlEeR4RphlRpAeR4g0RpJeAgWWAFLDmClcJS?AVztSAVG88A4W88AZ/AAA,?
356,4,https://harddrop.com/fumen/?v115@Hhh0Hewhg0Feglxhg0CeQ4ilwhJeAgWWAFLDmClcJS?AVztSAVG88AYn88AZCBAA,?
357,4,https://harddrop.com/fumen/?v115@pgBtGewhg0Btg0Eewhj0BeilwhRph0BeglBtwhRpR4?BeRpBtS4whBeRpR4JeAgWWAFLDmClcJSAVztSAVG88A4N88?AZXBAA,?
358,4,https://harddrop.com/fumen/?v115@Fhh0Rpg0Eeg0whRpg0DeAtg0whBtg0CeBtglwhJeAg?WWAFLDmClcJSAVztSAVG88AYS88A5MBAA,?
359,9,https://harddrop.com/fumen/?v115@pgQ4Feg0RpR4CewhAeg0RpwhQ4Cewhh0hlwhAtCewh?RphlD8AeI8AeE8JeAgWYAFLDmClcJSAVztSAVG88A4W88AZ?X8LC,?
360,4,https://harddrop.com/fumen/?v115@Hhh0FeRpg0Q4Eeg0Rpg0R4Dei0JeAgWXAFLDmClcJS?AVztSAVG88AYS88A5mfBA,?
361,4,https://harddrop.com/fumen/?v115@pgRpGewhRpEeQ4AewhQ4BtDeR4whR4Bth0AeAtQ4wh?F8AeI8AeC8JeAgWXAFLDmClcJSAVztSAVG88A4c88AZXkBA,?
362,4,https://harddrop.com/fumen/?v115@9gRpGewhRpglFewhilg0Deg0whQ4Btg0Deg0whJeAg?WXAFLDmClcJSAVztSAVG88AYP88AZyqBA,?
363,6,https://harddrop.com/fumen/?v115@zgQ4HewhR4Gewhg0Q4hlCeRpwhi0glCeRpxhBtglAe?AtAeywJeAgWWAFLDmClcJSAVztSAVG88AYP88AZXBAA,?
364,6,https://harddrop.com/fumen/?v115@FhR4FeAtR4whEeBtRpwhAei0AeAtglRpwhJeAgWXAF?LDmClcJSAVztSAVG88AYS88A5sfBA,?
365,4,https://harddrop.com/fumen/?v115@9gQ4IeR4RpCehlwhR4RpBeRpglwhR4h0BeRpglwhJe?AgWXAFLDmClcJSAVztSAVG88AYP88A5dDCA,?
366,4,https://harddrop.com/fumen/?v115@zgh0Heg0Q4GeAtg0R4EeBthlQ4RpBeQ4AtwhE8AeD8?JeAgWXAFLDmClcJSAVztSAVG88AYn88AZHrBA,?
367,4,https://harddrop.com/fumen/?v115@9gg0AtFehlBtEeR4glAtRpCeR4whglD8AeE8JeAgWX?AFLDmClcJSAVztSAVG88A4c88A5mfBA,?
368,4,https://harddrop.com/fumen/?v115@pgh0BtFeg0RpBtEeg0RphlAeRpBeE8AeI8AeI8AeD8?JeAgWXAFLDmClcJSAVztSAVG88AYn88A52zBA,?
369,4,https://harddrop.com/fumen/?v115@9gQ4GeRpR4AeilBeRpF8AeI8AeC8JeAgWWAFLDmClc?JSAVztSAVG88A4W88AZXBAA,?
370,4,https://harddrop.com/fumen/?v115@GhAth0FeBtg0zhBeQ4AtwhE8AeD8JeAgWYAFLDmClc?JSAVztSAVG88A4c88AZSFgC,?
371,4,https://harddrop.com/fumen/?v115@zgwhIewhIewhIewhQ4BtDeRpg0R4BtCeRpJeAgWXAF?LDmClcJSAVztSAVG88A4N88AZyzBA,?
372,9,https://harddrop.com/fumen/?v115@LgRpg0GeRpg0Gewhh0GewhRpDeAtAeAtwhRpglBeDt?whilBeAtQ4Ati0R4CeR4g0E8AeL8AeA8JeAgWYAFLDmClcJ?SAVztSAVG88AYP88A5c9wC,?
373,15,https://harddrop.com/fumen/?v115@BgglIeglFeRpg0hlEeRpi0Q4DeAti0whR4whAeBtR4?g0whR4whAeAtR4AtE8AeI8AeI8AeI8AeD8JeAgWZAFLDmCl?cJSAVTXSAVG88AYS88A5GWxCpAAAA,?
374,9,https://harddrop.com/fumen/?v115@SgwhBeQ4FewhBeR4EewhRpwhQ4EewhRpwhFeRpg0wh?glAeR4BeRpg0H8AeI8AeI8AeA8JeAgWaAFLDmClcJSAVT7S?AVG88AYS88AZ3PFD0OBAA,?
375,4,https://harddrop.com/fumen/?v115@qgAtHeBtHeAtGeg0whRpFeg0whRpEeh0whglQ4AeCt?glg0RpJeAgWXAFLDmClcJSAVjrSAVG88AYS88A5M2BA,?
376,14,https://harddrop.com/fumen/?v115@AgwhFei0whEeywg0whFewwBtwhCeQ4AeglDtB8AeI8?AeI8AeI8AeK8AeL8AeB8JeAgWaAFLDmClcJSAVztSAVG88A?YP88A5tjFDU+AAA,?
377,14,https://harddrop.com/fumen/?v115@wgglRpilDeglRpglAtg0DehlwhBtg0DeRpwhAth0De?RpwhR4hlBei0whJeAgWbAFLDmClcJSAVztSAVG88AYn88AZ?PltC6O2BA,?
378,9,https://harddrop.com/fumen/?v115@vgwwi0Eexwhlg0CeRpg0wwAtglwhAeBtRpg0Btglwh?AeJ8AeH8JeAgWYAFLDmClcJSAVDVSAVG88A4c88A58KxC,?
379,11,https://harddrop.com/fumen/?v115@zgwhHewwwhGexwwhh0T4AeRpwhg0T4BeRpG8AeB8Je?AgWZAFLDmClcJSAVT7SAVG88AYn88AZe9VC0AAAA,?
380,4,https://harddrop.com/fumen/?v115@zgh0hlFeg0RpglFeg0RpglAeQ4DezhAeR4Beg0E8Ae?D8JeAgWYAFLDmClcJSAVDVSAVG88AYn88A58aPC,?
381,12,https://harddrop.com/fumen/?v115@Vgh0EewhRpg0FewhRpg0AtEewhhlBtEewhQ4glC8Ae?K8AeI8AeI8AeD8JeAgWZAFLDmClcJSAVztSAVG88AYP88AZ?COMC6AAAA,?
382,16,https://harddrop.com/fumen/?v115@6ewhQ4HewhR4EeR4xhQ4CeglS4xhg0CeglBtR4whi0?AehlBtQ4B8AeL8AeI8AeL8AeI8AeI8AeI8AeH8AeI8AeI8A?eI8AeI8AeB8JeAgWaAFLDmClcJSAVzbSAVG88AYn88AZOmF?DT+AAA,?
383,15,https://harddrop.com/fumen/?v115@1fQ4GeBtR4GeBtQ4GeilRpEeglTpEeQ4RpwhDeBtR4?g0whg0DeBtQ4g0whi0Aezhg0C8AeI8AeI8AeF8JeAgWaAFL?DmClcJSAVDVSAVG88A4W88AZX8LC0OBAA,?
384,14,https://harddrop.com/fumen/?v115@Mgg0Ieg0Heh0HeRpHeRpAtAeR4DewhBtR4EewhAtil?Aei0AewhQ4glRpBeQ4g0xhR4RpBeR4whJeAgWbAFLDmClcJ?SAVztSAVG88AYS88AZirgCU+1BA,?
385,9,https://harddrop.com/fumen/?v115@ngRpHeRpIeAtHeBtwhGeAtg0whQ4EeR4g0whR4CeR4?h0JeAgWaAFLDmClcJSAVztSAVG88A4c88AZ/TFD6OBAA,?
386,9,https://harddrop.com/fumen/?v115@LgglIeglIehlGewhRpwhFewhRpwhFewhRpwhFewhRp?whAtDehlh0BtDewhglg0glAtR4CewhglJeAgWZAFLDmClcJ?SAVztSAVG88A4c88AZHbPC0AAAA,?
387,4,https://harddrop.com/fumen/?v115@ogAtRpFeBtRpFeAtwhilDeRpwhglR4Ceg0RpwhR4Ce?Q4i00hAeBtilJeAgWXAFLDmClcJSAVztSAVG88AYn88AZvz?BA,?
388,11,https://harddrop.com/fumen/?v115@fgRpHeRpHei0CehlAewhRpg0DeglAewhRpR4CeglAe?whS4DeBtwhR4zhAeg0BtJeAgWbAFLDmClcJSAVztSAVG88A?Yn88AZSNPCTH2BA,?
389,6,https://harddrop.com/fumen/?v115@dgRpHeRpGewhRpGewhRpEeQ4AewhRpglBeBtR4whRp?glQ4AeAtQ4g0AtRpwhglQ4AeBtg0Q4RpwhJeAgWZAFLDmCl?cJSAVztSAVG88AYP88AZ/rtC6AAAA,?
390,9,https://harddrop.com/fumen/?v115@BgglQ4HeglR4GehlQ4GeRpg0GeRpg0Gewhh0FexhRp?FexhRpFexhBtBeR4BewhD8AeE8JeAgWaAFLDmClcJSAVztS?AVG88AYP88A5M8LC6OBAA,?
391,9,https://harddrop.com/fumen/?v115@fgglQ4HeglR4GehlQ4GeRpg0FeglRpg0Deilwhh0Ee?yhi0AeR4wwxhJeAgWbAFLDmClcJSAVztSAVG88A4N88A5sr?gCvC2BA,?
392,9,https://harddrop.com/fumen/?v115@fgglQ4HeglR4FeAthlQ4CeRpBtRpg0CeRpAtglRpg0?Deilwhh0Eeyhi0AeR4wwxhJeAgWZAFLDmClcJSAVztSAVG8?8A4c88AZ3jxCqAAAA,?
393,9,https://harddrop.com/fumen/?v115@TgRpHeRpGeilQ4EewhglAtg0R4BeRpwhBtg0glQ4Be?RpwhAth0B8AeI8AeI8AeG8JeAgWYAFLDmClcJSAVztSAVG8?8AYP88A5sbMC,?
394,11,https://harddrop.com/fumen/?v115@pgglQ4HeglR4FewhhlQ4Eeg0whRpglEeg0whRpglBe?Bth0whA8AeH8JeAgWbAFLDmClcJSAVztSAVG88A4c88A5mP?FDKN2BA,?
395,9,https://harddrop.com/fumen/?v115@9gRpHeRpwhAeBthlRph0whBeBtglRpg0glwhAewwg0?AeglR4JeAgWZAFLDmClcJSAVztSAVG88A4c88AZiPFD0AAA?A,?
396,9,https://harddrop.com/fumen/?v115@VgwhIewhHexhAtGewhBtBeg0Dewhg0BtRpQ4CeQ4i0?BtR4AeRpglRpAeBtQ4AeRpglRpAehlRph0JeAgWbAFLDmCl?cJSAVjiSAVG88A4W88A5G+tCa+1BA,?
397,4,https://harddrop.com/fumen/?v115@fgwwIexwAeglCeRpAewwilCeRpAeglRpwhQ4BeAtg0?AeglRpwhR4Btg0AeE8AeF8AeG8JeAgWZAFLDmClcJSAVTXS?AVG88AYn88AZizPC0AAAA,?
398,14,https://harddrop.com/fumen/?v115@Tfg0Ieg0Rpi0AeQ4Aeh0zhg0AeI8AeI8AeI8AeQ8Ae?I8AeI8AeI8AeI8AeC8AeI8AeI8AeG8JeAgWaAFLDmClcJSA?VztSAVG88AYS88A5N9wCTHBAA,?
399,4,https://harddrop.com/fumen/?v115@8gwhIewhRpCewwCewhRpBeywBewhhlBei0BeglJeAg?WYAFLDmClcJSAVztSAVG88A4W88A5sbMC,?
400,14,https://harddrop.com/fumen/?v115@LgwhIewhFehlxhEeRpglxhEeRpglwhg0Aeg0AeBtyw?whg0Aei0BtwwR4A8AeJ8AeI8AeG8JeAgWbAFLDmClcJSAVT?7SAVG88A4N88A5MWWCa+1BA,?
401,17,https://harddrop.com/fumen/?v115@LgilGeglAtCeh0CeCtBeg0BeRpCtBeg0wwAeRpg0At?CeywhlC8AeM8AeI8AeI8AeB8JeAgWbAFLDmClcJSAVjrSAV?G88AYP88A5M8LC0edBA,?
402,11,https://harddrop.com/fumen/?v115@fgwhIewhIewhGeQ4AewhRpAei0AeR4F8AeH8AeI8Ae?D8JeAgWbAFLDmClcJSAVDVSAVG88A4N88AZyaPCzO2BA,?
403,9,https://harddrop.com/fumen/?v115@VgRpHeRpGewhilFewhglRpEeAtxhRpDeBtxhhlBeCt?RpxhglCeBtRpglwhglQ4wwAeBtRpJeAgWbAFLDmClcJSAVj?rSAVG88AYP88A5GstCpC2BA,?
404,9,https://harddrop.com/fumen/?v115@egwhIewhGehlwhDeg0Aeh0glwhRpBeg0Aeg0Q4glwh?RpAeh0glg0R4whglQ4AeAtRpi0whglQ4AeglRpi0whJeAgW?ZAFLDmClcJSAVztSAVG88A4W88A5szFDpAAAA,?
405,23,https://harddrop.com/fumen/?v115@3fRpg0GeRpi0CeR4glQ4hlCeR4whglR4glAeBthlwh?hlQ4glBeBtglwhD8AeJ8AeI8AeI8AeI8AeI8AeD8JeAgWaA?FLDmClcJSAVztSAVG88AYn88AZvKxCpOBAA,?
406,11,https://harddrop.com/fumen/?v115@mgRpwhGeRpwhFeilwhFeglRpwhDeR4AtRpglCeR4Bt?ilCeCth0xhJeAgWaAFLDmClcJSAVT7SAVG88AYP88A58aPC?0OBAA,?
407,9,https://harddrop.com/fumen/?v115@zgwhFeRpAewhFeRpxhEeQ4hlxhEeR4glwhglBeBtAe?g0Q4glwhJeAgWaAFLDmClcJSAVztSAVG88AYP88AZyTWCUH?BAA,?
408,9,https://harddrop.com/fumen/?v115@mgRpwhGeRpwhFeilwhFeglRpwhDeR4AtRpglCeR4Bt?ilCeCth0xhJeAgWZAFLDmClcJSAVT7SAVG88AYP88A5s/wC?0AAAA,?
409,14,https://harddrop.com/fumen/?v115@HgwhRpGewhRpglFewhilFewhh0AtFeh0BtwhAeR4Be?h0AtglwhR4Beh0ilwhRpBeR4whRpwhRpAeR4AtwhRphlQ4A?eT4h0JeAgWbAFLDmClcJSAVztSAVG88AYP88AZHcgCsO2BA,?
410,17,https://harddrop.com/fumen/?v115@IgRpHeRpglGeilEej0AtEei0BtwhAeR4Aei0Atglwh?R4Beh0ilwhRpBeR4whRpwhRpAeR4AtwhRphlQ4AeT4h0JeA?gWcAFLDmClcJSAVT7SAVG88A4c88AZ+KWCp/VxC,?
411,14,https://harddrop.com/fumen/?v115@VgRpHeRpHeh0Geh0Heh0AtAeAtDeh0DtDeRpCtR4Ce?RpBtR4xhAeilJeAgWbAFLDmClcJSAVztSAVG88A4c88AZfj?WCvO2BA,?
412,12,https://harddrop.com/fumen/?v115@pgRpHeRpGeAtwhilDeBtwhglAtg0Beh0AtxhBtg0Be?g0RpxhAth0Beg0RpwhJeAgWaAFLDmClcJSAVztSAVG88AYP?88A59TFD0OBAA,?
413,9,https://harddrop.com/fumen/?v115@fgRpHeRpGeAtwhilDeBtwhglAtg0Beh0AtxhBtg0Be?g0RpxhAth0Beg0RpwhE8AeD8JeAgWaAFLDmClcJSAVztSAV?G88A4W88AZX8LCzOBAA,?
414,16,https://harddrop.com/fumen/?v115@3fQ4GeRpR4FeRpwwQ4FeRpxwFeRpwwAtEei0BtEeBt?g0AtzhAehlBtjlBeklAtS4Aewhhlg0hlR4AeR4i0RpBtAeA?tQ4hlAtJeAgWbAFLDmClcJSAVztSAVG88AYS88A5d/VC0uf?BA,?
415,9,https://harddrop.com/fumen/?v115@Igh0whGeh0whEeQ4Aeh0whEeR4h0whFeR4hlEeRpR4?glDeAtRpglQ4glQ4BeBtilRpB8AeI8AeG8JeAgWbAFLDmCl?cJSAVDVSAVG88A4c88AZ3PFDsO2BA,?
416,4,https://harddrop.com/fumen/?v115@UgwhIewhIewhIewhglFeh0AtglDewhAeg0BthlRpAe?whh0AtwhTpAewhi0whRpR4AewhilwhJeAgWZAFLDmClcJSA?VT7SAVG88A4c88AZHztC0AAAA,?
417,6,https://harddrop.com/fumen/?v115@fghlHewhglCewhQ4Beg0whglCewhR4Aeg0BtAeAtAe?h0Q4TpAeAtg0xhjlQ4AeBtwhRpg0whglQ4AeBtg0Q4ilJeA?gWYAFLDmClcJSAVztSAVG88AYS88A5dPFD,?
418,9,https://harddrop.com/fumen/?v115@rgRpEeAtg0AeRpDeBtD8AeI8AeI8AeI8AeE8JeAgWa?AFLDmClcJSAVT7SAVG88A4W88AZC+tCJ+AAA,?
419,9,https://harddrop.com/fumen/?v115@pgwhIewhIewhHexhh0Fewhglg0R4Eewhh0RpAeAtBe?BtJeAgWaAFLDmClcJSAVztSAVG88AYP88A5GMgCUNBAA,?
420,4,https://harddrop.com/fumen/?v115@VgwhQ4HewhR4GewhR4GewhR4AeAtEeRpQ4BtEeRpil?AeglR4xhhlR4AeR4yhBtRpAeAtg0whAtJeAgWYAFLDmClcJ?SAVzbSAVG88AYP88AZn9wC,?
421,11,https://harddrop.com/fumen/?v115@UgAtHeBtilEeAtwwglRpEexwg0RpDeBtwwi0whDeBt?wwR4whAehlh0S4xhBeglg0TpwhCeglg0RpJeAgWZAFLDmCl?cJSAVTXSAVG88AYP88AZXegCpAAAA,?
422,9,https://harddrop.com/fumen/?v115@wgRpglAeg0DeAtRpglAeg0CeBtwhhlAeywQ4Atg0wh?RpAeI8AeI8JeAgWZAFLDmClcJSAVDVSAVG88A4c88AZXUPC?0AAAA,?
